traceID,spanID,starttime,operationName,servicename,podname,childSpanId,childTraceId,duration,http.status_code,container,instance,container_memory_working_set_bytes,container_cpu_usage_seconds_total,trace_length
147e01a41865a515,128bf96f30fcac8d,2022-07-13T11:35:00.000000,POST,ts-basic-service,ts-basic-service-67746d6b6-dsp99,147e01a41865a515,147e01a41865a515,1400903,200,ts-basic-service,10.252.1.22:10250,271048704.0,71.261812361,2
6fed7946c04f735f,a7313f0744d8cc96,2022-07-13T11:40:00.000000,POST,ts-ticketinfo-service,ts-ticketinfo-service-5bb968c568-z7hpr,6fed7946c04f735f,6fed7946c04f735f,1025589,200,ts-ticketinfo-service,10.252.1.21:10250,307998720.0,81.31858873,2
6fed7946c04f735f,958c51a7be12a461,2022-07-13T11:40:00.000000,GET,ts-route-service,ts-route-service-65d88487b5-dz4zj,19d6d923fc08fbf1,6fed7946c04f735f,63193,200,ts-route-service,10.252.1.23:10250,309194752.0,96.191978285,6
147e01a41865a515,b63a67717d82badd,2022-07-13T11:35:00.000000,GET,ts-basic-service,ts-basic-service-67746d6b6-dsp99,147e01a41865a515,147e01a41865a515,300579,200,ts-basic-service,10.252.1.22:10250,271048704.0,71.261812361,2
6fed7946c04f735f,d0d2b0d1aa2871d7,2022-07-13T11:40:00.000000,queryForStationId,ts-travel-service,ts-travel-service-5c8fdffbb8-27nvn,1119deb86ad158d4,6fed7946c04f735f,59508,200,ts-travel-service,10.252.1.22:10250,318533632.0,85.8166057,7
147e01a41865a515,52f92709a3f15aba,2022-07-13T11:35:00.000000,queryForStationId,ts-station-service,ts-station-service-777bd6b4-6gh4t,7996295b00f3b6f7,147e01a41865a515,88063,200,ts-station-service,10.252.1.23:10250,286142464.0,77.974326065,7
147e01a41865a515,a8095eb08ea96189,2022-07-13T11:35:00.000000,queryForStationId,ts-travel-service,ts-travel-service-5c8fdffbb8-27nvn,4f01711a30b4dfa3,147e01a41865a515,242142,200,ts-travel-service,10.252.1.22:10250,294211584.0,79.508889628,5
dbb652bad90c4246,6f8df53aa5a379f3,2022-07-13T11:50:00.000000,GET,ts-basic-service,ts-basic-service-67746d6b6-dsp99,2596186397d456b6,dbb652bad90c4246,141876,200,ts-basic-service,10.252.1.22:10250,289693696.0,76.175112424,6
dbb652bad90c4246,e906078acf601943,2022-07-13T11:50:00.000000,retrieve,ts-train-service,ts-train-service-7568b87b6b-gsczs,695ecc3c743f1cd1,dbb652bad90c4246,103316,200,ts-train-service,10.252.1.22:10250,298987520.0,82.807783963,7
dbb652bad90c4246,0630ececabb512cb,2022-07-13T11:50:00.000000,GET,ts-seat-service,ts-seat-service-5fff7b484c-jnfwn,1c3318f817a867fe,dbb652bad90c4246,446247,200,ts-seat-service,10.252.1.21:10250,281661440.0,79.781861448,4
dbb652bad90c4246,86a92562b45c3cb2,2022-07-13T11:50:00.000000,GET,ts-basic-service,ts-basic-service-67746d6b6-dsp99,2596186397d456b6,dbb652bad90c4246,136039,200,ts-basic-service,10.252.1.22:10250,289693696.0,76.175112424,6
6fed7946c04f735f,6fed7946c04f735f,2022-07-13T11:40:00.000000,queryInfo,ts-ticketinfo-service,ts-ticketinfo-service-5bb968c568-z7hpr,,,7512524,200,ts-ticketinfo-service,10.252.1.21:10250,307998720.0,81.31858873,1
147e01a41865a515,94ea7919fc2cb86b,2022-07-13T11:35:00.000000,retrieve,ts-config-service,ts-config-service-fffbf47d-8z4wk,1df3fa09e3c6abee,147e01a41865a515,288182,200,ts-config-service,10.252.1.22:10250,298242048.0,78.047824297,5
6fed7946c04f735f,9b19f989628d86e7,2022-07-13T11:40:00.000000,GET,ts-ticketinfo-service,ts-ticketinfo-service-5bb968c568-z7hpr,6fed7946c04f735f,6fed7946c04f735f,102545,200,ts-ticketinfo-service,10.252.1.21:10250,307998720.0,81.31858873,2
dbb652bad90c4246,c2c885f04e433535,2022-07-13T11:50:00.000000,GET,ts-seat-service,ts-seat-service-5fff7b484c-jnfwn,1c3318f817a867fe,dbb652bad90c4246,98816,200,ts-seat-service,10.252.1.21:10250,281661440.0,79.781861448,4
887f0c6debf3dfd0,8eb807bbf5d21e30,2022-07-13T11:50:00.000000,check,ts-security-service,ts-security-service-65d65984c4-jt2xd,3f4cdc21b9d2188f,887f0c6debf3dfd0,352040,200,ts-security-service,10.252.1.23:10250,292339712.0,93.049275637,3
147e01a41865a515,c0adebd6e7517317,2022-07-13T11:35:00.000000,getLeftTicketOfInterval,ts-seat-service,ts-seat-service-5fff7b484c-jnfwn,b3f32fffa7ee0674,147e01a41865a515,19994167,200,ts-seat-service,10.252.1.21:10250,262586368.0,75.963996403,3
2c3755f6e83f1943,1c49eb466808ffb9,2022-07-13T11:40:00.000000,GET,ts-auth-service,ts-auth-service-96d95d474-bdfpt,2c3755f6e83f1943,2c3755f6e83f1943,104647,200,ts-auth-service,10.252.1.21:10250,279998464.0,74.134885868,2
dbb652bad90c4246,7e488f3c3168916d,2022-07-13T11:50:00.000000,queryById,ts-route-service,ts-route-service-65d88487b5-dz4zj,86a92562b45c3cb2,dbb652bad90c4246,63057,200,ts-route-service,10.252.1.23:10250,310329344.0,97.882187786,7
b083a67fdf46393d,b083a67fdf46393d,2022-07-13T11:50:00.000000,imageCode,ts-verification-code-service,ts-verification-code-service-6df9658bc9-g9dzd,,,8649,200,ts-verification-code-service,10.252.1.23:10250,288022528.0,67.212576038,1
6dd531f7e3e563ba,6dd531f7e3e563ba,2022-07-13T11:40:00.000000,imageCode,ts-verification-code-service,ts-verification-code-service-6df9658bc9-g9dzd,,,49046,200,ts-verification-code-service,10.252.1.23:10250,267853824.0,64.540161769,1
14c709dbb1a7587f,14c709dbb1a7587f,2022-07-13T11:40:00.000000,getToken,ts-verification-code-service,ts-verification-code-service-6df9658bc9-g9dzd,,,691562,200,ts-verification-code-service,10.252.1.23:10250,267853824.0,64.540161769,1
2ca8781b653ab14e,2ca8781b653ab14e,2022-07-13T11:45:00.000000,imageCode,ts-verification-code-service,ts-verification-code-service-6df9658bc9-g9dzd,,,91167,200,ts-verification-code-service,10.252.1.23:10250,287997952.0,66.719944352,1
6fed7946c04f735f,6d7d6e1e9afcd72d,2022-07-13T11:40:00.000000,queryById,ts-basic-service,ts-basic-service-67746d6b6-dsp99,57bfaf9cb6f9a042,6fed7946c04f735f,63591,200,ts-basic-service,10.252.1.22:10250,288808960.0,74.617323296,7
147e01a41865a515,5ff7ac15b1101b7f,2022-07-13T11:35:00.000000,GET,ts-travel-service,ts-travel-service-5c8fdffbb8-27nvn,39862cf499208438,147e01a41865a515,195822,200,ts-travel-service,10.252.1.22:10250,294211584.0,79.508889628,6
147e01a41865a515,56b2a9877b211418,2022-07-13T11:35:00.000000,GET,ts-basic-service,ts-basic-service-67746d6b6-dsp99,147e01a41865a515,147e01a41865a515,437779,200,ts-basic-service,10.252.1.22:10250,271048704.0,71.261812361,2
147e01a41865a515,232745d7ad5e2011,2022-07-13T11:35:00.000000,POST,ts-ticketinfo-service,ts-ticketinfo-service-5bb968c568-z7hpr,c63d5f1330a3db97,147e01a41865a515,20913944,200,ts-ticketinfo-service,10.252.1.21:10250,289566720.0,78.803743593,4
dbb652bad90c4246,f2e6398fa0464ddc,2022-07-13T11:50:00.000000,queryForStationId,ts-ticketinfo-service,ts-ticketinfo-service-5bb968c568-z7hpr,e1eaf1ec99967565,dbb652bad90c4246,401872,200,ts-ticketinfo-service,10.252.1.21:10250,308568064.0,82.648672352,3
dbb652bad90c4246,df3c1d8580e4d5b7,2022-07-13T11:50:00.000000,queryForStationId,ts-basic-service,ts-basic-service-67746d6b6-dsp99,c0eba4fd35c35165,dbb652bad90c4246,78885,200,ts-basic-service,10.252.1.22:10250,289693696.0,76.175112424,5
147e01a41865a515,0d4c08a2ae22128d,2022-07-13T11:35:00.000000,queryForStationId,ts-ticketinfo-service,ts-ticketinfo-service-5bb968c568-z7hpr,4795427725d38c2a,147e01a41865a515,389033,200,ts-ticketinfo-service,10.252.1.21:10250,289566720.0,78.803743593,3
6fed7946c04f735f,4e7810e542104b12,2022-07-13T11:40:00.000000,queryForStationId,ts-route-service,ts-route-service-65d88487b5-dz4zj,55bfd2553f6dd160,6fed7946c04f735f,310155,200,ts-route-service,10.252.1.23:10250,309194752.0,96.191978285,5
dbb652bad90c4246,1e276532de119fec,2022-07-13T11:50:00.000000,queryForTravel,ts-ticketinfo-service,ts-ticketinfo-service-5bb968c568-z7hpr,7c8a8483ce06452f,dbb652bad90c4246,1396694,200,ts-ticketinfo-service,10.252.1.21:10250,308568064.0,82.648672352,3
dbb652bad90c4246,0dda8ebba5e9c378,2022-07-13T11:50:00.000000,GET,ts-ticketinfo-service,ts-ticketinfo-service-5bb968c568-z7hpr,8413b10647d9093f,dbb652bad90c4246,111609,200,ts-ticketinfo-service,10.252.1.21:10250,308568064.0,82.648672352,4
6fed7946c04f735f,6ff879f4f52bb262,2022-07-13T11:40:00.000000,GET,ts-ticketinfo-service,ts-ticketinfo-service-5bb968c568-z7hpr,6fed7946c04f735f,6fed7946c04f735f,199702,200,ts-ticketinfo-service,10.252.1.21:10250,307998720.0,81.31858873,2
dbb652bad90c4246,f9cf6ebdb7f7d173,2022-07-13T11:50:00.000000,GET,ts-travel-service,ts-travel-service-5c8fdffbb8-27nvn,dbb652bad90c4246,dbb652bad90c4246,97009,200,ts-travel-service,10.252.1.22:10250,319635456.0,87.427574294,2
dbb652bad90c4246,cc98bafd28a7d809,2022-07-13T11:50:00.000000,queryForStationId,ts-station-service,ts-station-service-777bd6b4-6gh4t,eb9a367a5832890f,dbb652bad90c4246,54904,200,ts-station-service,10.252.1.23:10250,308789248.0,87.524188408,7
6fed7946c04f735f,e506e60b18120d6b,2022-07-13T11:40:00.000000,GET,ts-station-service,ts-station-service-777bd6b4-6gh4t,15747228446e8273,6fed7946c04f735f,94796,200,ts-station-service,10.252.1.23:10250,307372032.0,85.796179342,4
147e01a41865a515,b810f67011a826c3,2022-07-13T11:35:00.000000,retrieve,ts-train-service,ts-train-service-7568b87b6b-gsczs,e3ed8321dd16e577,147e01a41865a515,291006,200,ts-train-service,10.252.1.22:10250,282664960.0,76.481623486,7
147e01a41865a515,524beecea6834786,2022-07-13T11:35:00.000000,GET,ts-basic-service,ts-basic-service-67746d6b6-dsp99,ee4004a5821d40ba,147e01a41865a515,513044,200,ts-basic-service,10.252.1.22:10250,271048704.0,71.261812361,6
dbb652bad90c4246,e1eaf1ec99967565,2022-07-13T11:50:00.000000,GET,ts-travel-service,ts-travel-service-5c8fdffbb8-27nvn,dbb652bad90c4246,dbb652bad90c4246,443405,200,ts-travel-service,10.252.1.22:10250,319635456.0,87.427574294,2
9d50d114ef0afd3c,1797bc9f8f9c9791,2022-07-13T11:45:00.000000,GET,ts-auth-service,ts-auth-service-96d95d474-bdfpt,9d50d114ef0afd3c,9d50d114ef0afd3c,38630,200,ts-auth-service,10.252.1.21:10250,279891968.0,75.543590489,2
6fed7946c04f735f,339b48221c800314,2022-07-13T11:40:00.000000,GET,ts-ticketinfo-service,ts-ticketinfo-service-5bb968c568-z7hpr,6fed7946c04f735f,6fed7946c04f735f,110269,200,ts-ticketinfo-service,10.252.1.21:10250,307998720.0,81.31858873,2
887f0c6debf3dfd0,f6ab6cf30404042d,2022-07-13T11:50:00.000000,securityInfoCheck,ts-order-other-service,ts-order-other-service-57489b469f-h8dg5,5c9e543bf5fec8b9,887f0c6debf3dfd0,184296,200,ts-order-other-service,10.252.1.21:10250,311271424.0,85.506845556,5
8f72786ed1527741,1fb5b749f1e8db6b,2022-07-13T11:40:00.000000,POST,ts-food-service,ts-food-service-68dd766676-2fksp,8f72786ed1527741,8f72786ed1527741,269558,200,ts-food-service,10.252.1.22:10250,280252416.0,73.82526358,2
6fed7946c04f735f,a764dbfc52fe0a97,2022-07-13T11:40:00.000000,retrieve,ts-train-service,ts-train-service-7568b87b6b-gsczs,8e2e0c4e37f2c17c,6fed7946c04f735f,35936,200,ts-train-service,10.252.1.22:10250,298315776.0,81.451590264,7
8f72786ed1527741,2585fbec995b66b7,2022-07-13T11:40:00.000000,getTrainFoodOfTrip,ts-food-map-service,ts-food-map-service-748c5cd77c-8mswd,e6f8c21c49c37bd7,8f72786ed1527741,5390571,200,ts-food-map-service,10.252.1.23:10250,298483712.0,78.018568865,3
dbb652bad90c4246,dbb652bad90c4246,2022-07-13T11:50:00.000000,queryInfo,ts-travel-service,ts-travel-service-5c8fdffbb8-27nvn,,,7576995,200,ts-travel-service,10.252.1.22:10250,319635456.0,87.427574294,1
6fed7946c04f735f,2ab03c27483286ab,2022-07-13T11:40:00.000000,GET,ts-route-service,ts-route-service-65d88487b5-dz4zj,a10aac680f2e9426,6fed7946c04f735f,98820,200,ts-route-service,10.252.1.23:10250,309194752.0,96.191978285,6
dbb652bad90c4246,d6ae38b3b3ecfcef,2022-07-13T11:50:00.000000,GET,ts-seat-service,ts-seat-service-5fff7b484c-jnfwn,088637638a3cc764,dbb652bad90c4246,741003,200,ts-seat-service,10.252.1.21:10250,281661440.0,79.781861448,4
6fed7946c04f735f,e50be2d0da6b4eb1,2022-07-13T11:40:00.000000,retrieve,ts-train-service,ts-train-service-7568b87b6b-gsczs,4872a9a48558100c,6fed7946c04f735f,99878,200,ts-train-service,10.252.1.22:10250,298315776.0,81.451590264,7
6fed7946c04f735f,a86c8578cf3ffbc3,2022-07-13T11:40:00.000000,queryById,ts-basic-service,ts-basic-service-67746d6b6-dsp99,5d61650b16c091c9,6fed7946c04f735f,14050,200,ts-basic-service,10.252.1.22:10250,288808960.0,74.617323296,7
147e01a41865a515,5674425fd99dc0cf,2022-07-13T11:35:00.000000,GET,ts-travel-service,ts-travel-service-5c8fdffbb8-27nvn,d5d811d8d27f4a14,147e01a41865a515,64432,200,ts-travel-service,10.252.1.22:10250,294211584.0,79.508889628,6
6fed7946c04f735f,4b3348bde1a2d5ac,2022-07-13T11:40:00.000000,GET,ts-ticketinfo-service,ts-ticketinfo-service-5bb968c568-z7hpr,6fed7946c04f735f,6fed7946c04f735f,270507,200,ts-ticketinfo-service,10.252.1.21:10250,307998720.0,81.31858873,2
6fed7946c04f735f,241ec81c15e4ece6,2022-07-13T11:40:00.000000,queryForStationId,ts-route-service,ts-route-service-65d88487b5-dz4zj,ff8b5b246c0a99d5,6fed7946c04f735f,199016,200,ts-route-service,10.252.1.23:10250,309194752.0,96.191978285,5
6fed7946c04f735f,c816697621314b3b,2022-07-13T11:40:00.000000,GET,ts-ticketinfo-service,ts-ticketinfo-service-5bb968c568-z7hpr,6fed7946c04f735f,6fed7946c04f735f,283565,200,ts-ticketinfo-service,10.252.1.21:10250,307998720.0,81.31858873,2
147e01a41865a515,df7a0b89afeeacce,2022-07-13T11:35:00.000000,queryForStationId,ts-ticketinfo-service,ts-ticketinfo-service-5bb968c568-z7hpr,afd5da336d630792,147e01a41865a515,436607,200,ts-ticketinfo-service,10.252.1.21:10250,289566720.0,78.803743593,3
5c3bd5174f1c12cb,5c3bd5174f1c12cb,2022-07-13T11:50:00.000000,preserve,ts-security-service,ts-security-service-65d65984c4-jt2xd,,,1187335,200,ts-security-service,10.252.1.23:10250,292339712.0,93.049275637,1
6fed7946c04f735f,84aa5997f7069bd7,2022-07-13T11:40:00.000000,POST,ts-station-service,ts-station-service-777bd6b4-6gh4t,22b3adf93288ef14,6fed7946c04f735f,1089214,200,ts-station-service,10.252.1.23:10250,307372032.0,85.796179342,4
81e6f985c960cb6e,81e6f985c960cb6e,2022-07-13T11:40:00.000000,getToken,ts-verification-code-service,ts-verification-code-service-6df9658bc9-g9dzd,,,26621,200,ts-verification-code-service,10.252.1.23:10250,267853824.0,64.540161769,1
6fed7946c04f735f,049faadd205d0e92,2022-07-13T11:40:00.000000,GET,ts-seat-service,ts-seat-service-5fff7b484c-jnfwn,724c9873d69b9767,6fed7946c04f735f,94021,200,ts-seat-service,10.252.1.21:10250,281227264.0,78.616752353,4
6fed7946c04f735f,465264bdfd0cff4c,2022-07-13T11:40:00.000000,GET,ts-seat-service,ts-seat-service-5fff7b484c-jnfwn,98e5bb1177679ecf,6fed7946c04f735f,439866,200,ts-seat-service,10.252.1.21:10250,281227264.0,78.616752353,4
147e01a41865a515,4f01711a30b4dfa3,2022-07-13T11:35:00.000000,GET,ts-ticketinfo-service,ts-ticketinfo-service-5bb968c568-z7hpr,1978e26d1862214d,147e01a41865a515,154802,200,ts-ticketinfo-service,10.252.1.21:10250,289566720.0,78.803743593,4
2c3755f6e83f1943,6949785c84a8b30d,2022-07-13T11:40:00.000000,verifyCode,ts-verification-code-service,ts-verification-code-service-6df9658bc9-g9dzd,1c49eb466808ffb9,2c3755f6e83f1943,94997,200,ts-verification-code-service,10.252.1.23:10250,267853824.0,64.540161769,3
147e01a41865a515,0c3f766f3a631ccf,2022-07-13T11:35:00.000000,retrieve,ts-train-service,ts-train-service-7568b87b6b-gsczs,702da68cf9b96036,147e01a41865a515,186227,200,ts-train-service,10.252.1.22:10250,282664960.0,76.481623486,3
9b0bab05e5db4034,9b0bab05e5db4034,2022-07-13T11:50:00.000000,getToken,ts-auth-service,ts-auth-service-96d95d474-bdfpt,,,50515,200,ts-auth-service,10.252.1.21:10250,280281088.0,76.415910643,1
dbb652bad90c4246,37a5c7c28565d248,2022-07-13T11:50:00.000000,getRouteByTripId,ts-travel-service,ts-travel-service-5c8fdffbb8-27nvn,2c736806264eaab5,dbb652bad90c4246,207295,200,ts-travel-service,10.252.1.22:10250,319635456.0,87.427574294,5
dbb652bad90c4246,4ef05ae12f3f10b7,2022-07-13T11:50:00.000000,GET,ts-basic-service,ts-basic-service-67746d6b6-dsp99,55cb20b814103980,dbb652bad90c4246,88506,200,ts-basic-service,10.252.1.22:10250,289693696.0,76.175112424,6
31c54a72a7f597b2,dbd8f58c154599cc,2022-07-13T11:40:00.000000,verifyCode,ts-verification-code-service,ts-verification-code-service-6df9658bc9-g9dzd,9d3567328fe39113,31c54a72a7f597b2,99390,200,ts-verification-code-service,10.252.1.23:10250,267853824.0,64.540161769,3
d26c0b3fa0538aec,03bb2abeaa1110d8,2022-07-13T11:40:00.000000,GET,ts-security-service,ts-security-service-65d65984c4-jt2xd,d26c0b3fa0538aec,d26c0b3fa0538aec,355156,200,ts-security-service,10.252.1.23:10250,277536768.0,90.204942353,2
6fed7946c04f735f,6d7ff4b01db87988,2022-07-13T11:40:00.000000,retrieve,ts-config-service,ts-config-service-fffbf47d-8z4wk,049faadd205d0e92,6fed7946c04f735f,180026,200,ts-config-service,10.252.1.22:10250,310050816.0,80.940786991,5
6fed7946c04f735f,e41ad12078b03aef,2022-07-13T11:40:00.000000,queryForStationId,ts-route-service,ts-route-service-65d88487b5-dz4zj,a66e133ab6df54ea,6fed7946c04f735f,246386,200,ts-route-service,10.252.1.23:10250,309194752.0,96.191978285,5
6fed7946c04f735f,1d185d4bbfe91b61,2022-07-13T11:40:00.000000,queryForStationId,ts-travel-service,ts-travel-service-5c8fdffbb8-27nvn,12af849039451962,6fed7946c04f735f,104164,200,ts-travel-service,10.252.1.22:10250,318533632.0,85.8166057,7
9b0bab05e5db4034,a64ca3ee59ad94e6,2022-07-13T11:50:00.000000,GET,ts-auth-service,ts-auth-service-96d95d474-bdfpt,9b0bab05e5db4034,9b0bab05e5db4034,39574,200,ts-auth-service,10.252.1.21:10250,280281088.0,76.415910643,2
5c3bd5174f1c12cb,6900be4efd53b7d5,2022-07-13T11:50:00.000000,check,ts-preserve-service,ts-preserve-service-5cfbb596cb-pjhnv,84c320da7522dbd1,5c3bd5174f1c12cb,569086,200,ts-preserve-service,10.252.1.22:10250,304496640.0,70.668638603,3
dbb652bad90c4246,7b1e7a2d6a1e57bf,2022-07-13T11:50:00.000000,queryForStationId,ts-station-service,ts-station-service-777bd6b4-6gh4t,7e7ea0ad4429d627,dbb652bad90c4246,15653,200,ts-station-service,10.252.1.23:10250,308789248.0,87.524188408,7
147e01a41865a515,a6b5e4f7a1e52df6,2022-07-13T11:35:00.000000,GET,ts-basic-service,ts-basic-service-67746d6b6-dsp99,147e01a41865a515,147e01a41865a515,164814,200,ts-basic-service,10.252.1.22:10250,271048704.0,71.261812361,2
6fed7946c04f735f,15747228446e8273,2022-07-13T11:40:00.000000,queryForStationId,ts-station-service,ts-station-service-777bd6b4-6gh4t,339b48221c800314,6fed7946c04f735f,108004,200,ts-station-service,10.252.1.23:10250,307372032.0,85.796179342,3
147e01a41865a515,fe7283ef741e2c6c,2022-07-13T11:35:00.000000,GET,ts-basic-service,ts-basic-service-67746d6b6-dsp99,147e01a41865a515,147e01a41865a515,201649,200,ts-basic-service,10.252.1.22:10250,271048704.0,71.261812361,2
a0a641bb0f3f3a21,a0a641bb0f3f3a21,2022-07-13T11:40:00.000000,getToken,ts-auth-service,ts-auth-service-96d95d474-bdfpt,,,85861,200,ts-auth-service,10.252.1.21:10250,279998464.0,74.134885868,1
8f72786ed1527741,67561d815ca37f21,2022-07-13T11:40:00.000000,queryForStationId,ts-station-service,ts-station-service-777bd6b4-6gh4t,33b5c486d3c84242,8f72786ed1527741,46548,200,ts-station-service,10.252.1.23:10250,307372032.0,85.796179342,3
8f72786ed1527741,c58443d801f3cdb1,2022-07-13T11:40:00.000000,queryById,ts-route-service,ts-route-service-65d88487b5-dz4zj,dc73db15b1890d0f,8f72786ed1527741,357725,200,ts-route-service,10.252.1.23:10250,309194752.0,96.191978285,5
6fed7946c04f735f,9122252224f7c57e,2022-07-13T11:40:00.000000,GET,ts-route-service,ts-route-service-65d88487b5-dz4zj,a10aac680f2e9426,6fed7946c04f735f,283051,200,ts-route-service,10.252.1.23:10250,309194752.0,96.191978285,6
dbb652bad90c4246,8b01a298aa4a22c3,2022-07-13T11:50:00.000000,GET,ts-ticketinfo-service,ts-ticketinfo-service-5bb968c568-z7hpr,969c6bee0151b611,dbb652bad90c4246,107623,200,ts-ticketinfo-service,10.252.1.21:10250,308568064.0,82.648672352,4
dbb652bad90c4246,7e7ea0ad4429d627,2022-07-13T11:50:00.000000,GET,ts-basic-service,ts-basic-service-67746d6b6-dsp99,df3c1d8580e4d5b7,dbb652bad90c4246,16756,200,ts-basic-service,10.252.1.22:10250,289693696.0,76.175112424,6
147e01a41865a515,9ff583c19317d8fa,2022-07-13T11:35:00.000000,GET,ts-basic-service,ts-basic-service-67746d6b6-dsp99,147e01a41865a515,147e01a41865a515,7658169,200,ts-basic-service,10.252.1.22:10250,271048704.0,71.261812361,2
887f0c6debf3dfd0,3f4cdc21b9d2188f,2022-07-13T11:50:00.000000,GET,ts-preserve-service,ts-preserve-service-5cfbb596cb-pjhnv,887f0c6debf3dfd0,887f0c6debf3dfd0,360498,200,ts-preserve-service,10.252.1.22:10250,304496640.0,70.668638603,2
147e01a41865a515,f4967de656ceeccc,2022-07-13T11:35:00.000000,queryById,ts-route-service,ts-route-service-65d88487b5-dz4zj,fe7283ef741e2c6c,147e01a41865a515,195016,200,ts-route-service,10.252.1.23:10250,279244800.0,79.630764163,3
5c3bd5174f1c12cb,84c320da7522dbd1,2022-07-13T11:50:00.000000,GET,ts-security-service,ts-security-service-65d65984c4-jt2xd,5c3bd5174f1c12cb,5c3bd5174f1c12cb,667092,200,ts-security-service,10.252.1.23:10250,292339712.0,93.049275637,2
dbb652bad90c4246,957cab58a1eba446,2022-07-13T11:50:00.000000,queryForStationId,ts-station-service,ts-station-service-777bd6b4-6gh4t,6d996d9b63e7dc9d,dbb652bad90c4246,58441,200,ts-station-service,10.252.1.23:10250,308789248.0,87.524188408,7
dbb652bad90c4246,c40a2b0db63d0ab4,2022-07-13T11:50:00.000000,getTrainTypeByTripId,ts-travel-service,ts-travel-service-5c8fdffbb8-27nvn,0630ececabb512cb,dbb652bad90c4246,444377,200,ts-travel-service,10.252.1.22:10250,319635456.0,87.427574294,5
dbb652bad90c4246,ce15c57acd755c86,2022-07-13T11:50:00.000000,queryForStationId,ts-station-service,ts-station-service-777bd6b4-6gh4t,54238d76e9b9cf9f,dbb652bad90c4246,103919,200,ts-station-service,10.252.1.23:10250,308789248.0,87.524188408,7
86998eb5dfdb8cdd,86998eb5dfdb8cdd,2022-07-13T11:40:00.000000,getToken,ts-verification-code-service,ts-verification-code-service-6df9658bc9-g9dzd,,,4415907,200,ts-verification-code-service,10.252.1.23:10250,267853824.0,64.540161769,1
147e01a41865a515,d989955ec2b51ef3,2022-07-13T11:35:00.000000,GET,ts-basic-service,ts-basic-service-67746d6b6-dsp99,147e01a41865a515,147e01a41865a515,360269,200,ts-basic-service,10.252.1.22:10250,271048704.0,71.261812361,2
6fed7946c04f735f,8ca2847f9e16b470,2022-07-13T11:40:00.000000,retrieve,ts-train-service,ts-train-service-7568b87b6b-gsczs,6a78bc89b444c7dd,6fed7946c04f735f,105100,200,ts-train-service,10.252.1.22:10250,298315776.0,81.451590264,3
8f72786ed1527741,dc73db15b1890d0f,2022-07-13T11:40:00.000000,GET,ts-travel-service,ts-travel-service-5c8fdffbb8-27nvn,22e81fed0dfb8e2d,8f72786ed1527741,168037,200,ts-travel-service,10.252.1.22:10250,318533632.0,85.8166057,4
147e01a41865a515,464a299312487ed0,2022-07-13T11:35:00.000000,queryForStationId,ts-travel-service,ts-travel-service-5c8fdffbb8-27nvn,1ae46e23fbebe2d4,147e01a41865a515,201962,200,ts-travel-service,10.252.1.22:10250,294211584.0,79.508889628,5
dbb652bad90c4246,00372748c6083dff,2022-07-13T11:50:00.000000,GET,ts-travel-service,ts-travel-service-5c8fdffbb8-27nvn,dbb652bad90c4246,dbb652bad90c4246,191791,200,ts-travel-service,10.252.1.22:10250,319635456.0,87.427574294,2
147e01a41865a515,4ac0e0b0681c9aeb,2022-07-13T11:35:00.000000,queryForStationId,ts-station-service,ts-station-service-777bd6b4-6gh4t,5c0840318d50d062,147e01a41865a515,287885,200,ts-station-service,10.252.1.23:10250,286142464.0,77.974326065,7
147e01a41865a515,c8e0ed8705bc54f3,2022-07-13T11:35:00.000000,GET,ts-seat-service,ts-seat-service-5fff7b484c-jnfwn,20b96f7a2e684187,147e01a41865a515,516966,200,ts-seat-service,10.252.1.21:10250,262586368.0,75.963996403,4
dbb652bad90c4246,0dd2abf0f366b755,2022-07-13T11:50:00.000000,GET,ts-basic-service,ts-basic-service-67746d6b6-dsp99,2596186397d456b6,dbb652bad90c4246,192120,200,ts-basic-service,10.252.1.22:10250,289693696.0,76.175112424,6
147e01a41865a515,4795427725d38c2a,2022-07-13T11:35:00.000000,GET,ts-basic-service,ts-basic-service-67746d6b6-dsp99,147e01a41865a515,147e01a41865a515,394390,200,ts-basic-service,10.252.1.22:10250,271048704.0,71.261812361,2
dbb652bad90c4246,13b2cc5c5f58eb3b,2022-07-13T11:50:00.000000,queryForStationId,ts-station-service,ts-station-service-777bd6b4-6gh4t,ca2ee41cea01e2f8,dbb652bad90c4246,57099,200,ts-station-service,10.252.1.23:10250,308789248.0,87.524188408,7
147e01a41865a515,36c42e65235d9f56,2022-07-13T11:35:00.000000,GET,ts-basic-service,ts-basic-service-67746d6b6-dsp99,350495440e299d14,147e01a41865a515,69323,200,ts-basic-service,10.252.1.22:10250,271048704.0,71.261812361,6
dbb652bad90c4246,350b3cbbad6e3ba4,2022-07-13T11:50:00.000000,POST,ts-travel-service,ts-travel-service-5c8fdffbb8-27nvn,dbb652bad90c4246,dbb652bad90c4246,942833,200,ts-travel-service,10.252.1.22:10250,319635456.0,87.427574294,2
dbb652bad90c4246,b5abd2ad31abb982,2022-07-13T11:50:00.000000,GET,ts-basic-service,ts-basic-service-67746d6b6-dsp99,15ff1479aa3ee2ed,dbb652bad90c4246,95400,200,ts-basic-service,10.252.1.22:10250,289693696.0,76.175112424,6
dbb652bad90c4246,475e6d4e8ef50417,2022-07-13T11:50:00.000000,queryForStationId,ts-station-service,ts-station-service-777bd6b4-6gh4t,0a9113c16efac2cf,dbb652bad90c4246,202093,200,ts-station-service,10.252.1.23:10250,308789248.0,87.524188408,7
6fed7946c04f735f,1928317ca4bfcae4,2022-07-13T11:40:00.000000,GET,ts-ticketinfo-service,ts-ticketinfo-service-5bb968c568-z7hpr,6fed7946c04f735f,6fed7946c04f735f,169727,200,ts-ticketinfo-service,10.252.1.21:10250,307998720.0,81.31858873,2
86998eb5dfdb8cdd,d575c5459042dddc,2022-07-13T11:40:00.000000,GET,ts-verification-code-service,ts-verification-code-service-6df9658bc9-g9dzd,86998eb5dfdb8cdd,86998eb5dfdb8cdd,3588864,200,ts-verification-code-service,10.252.1.23:10250,267853824.0,64.540161769,2
147e01a41865a515,b94f6edcb8b55ce3,2022-07-13T11:35:00.000000,queryForStationId,ts-travel-service,ts-travel-service-5c8fdffbb8-27nvn,6f5f2b4e3b02e6f1,147e01a41865a515,198603,200,ts-travel-service,10.252.1.22:10250,294211584.0,79.508889628,5
147e01a41865a515,563ad7f41763272b,2022-07-13T11:35:00.000000,queryForStationId,ts-travel-service,ts-travel-service-5c8fdffbb8-27nvn,b4c5e2d738a83830,147e01a41865a515,16811222,200,ts-travel-service,10.252.1.22:10250,294211584.0,79.508889628,5
dbb652bad90c4246,2596186397d456b6,2022-07-13T11:50:00.000000,queryForTravel,ts-basic-service,ts-basic-service-67746d6b6-dsp99,9655bd464f4ca90d,dbb652bad90c4246,1372855,200,ts-basic-service,10.252.1.22:10250,289693696.0,76.175112424,5
f696143d87b1a9c0,f696143d87b1a9c0,2022-07-13T11:45:00.000000,getToken,ts-verification-code-service,ts-verification-code-service-6df9658bc9-g9dzd,,,671292,200,ts-verification-code-service,10.252.1.23:10250,287997952.0,66.719944352,1
8f72786ed1527741,b641ef3393f4773d,2022-07-13T11:40:00.000000,getFoodStoresByStationIds,ts-food-map-service,ts-food-map-service-748c5cd77c-8mswd,1fb5b749f1e8db6b,8f72786ed1527741,345499,200,ts-food-map-service,10.252.1.23:10250,298483712.0,78.018568865,3
dbb652bad90c4246,2c736806264eaab5,2022-07-13T11:50:00.000000,GET,ts-seat-service,ts-seat-service-5fff7b484c-jnfwn,1c3318f817a867fe,dbb652bad90c4246,212961,200,ts-seat-service,10.252.1.21:10250,281661440.0,79.781861448,4
147e01a41865a515,41887ce2af0c6bbe,2022-07-13T11:35:00.000000,queryForStationId,ts-station-service,ts-station-service-777bd6b4-6gh4t,bb54db598f8dd848,147e01a41865a515,358209,200,ts-station-service,10.252.1.23:10250,286142464.0,77.974326065,7
147e01a41865a515,bb54db598f8dd848,2022-07-13T11:35:00.000000,GET,ts-travel-service,ts-travel-service-5c8fdffbb8-27nvn,bb93416a0155cd43,147e01a41865a515,371664,200,ts-travel-service,10.252.1.22:10250,294211584.0,79.508889628,6
887f0c6debf3dfd0,5c9e543bf5fec8b9,2022-07-13T11:50:00.000000,GET,ts-security-service,ts-security-service-65d65984c4-jt2xd,8eb807bbf5d21e30,887f0c6debf3dfd0,106455,200,ts-security-service,10.252.1.23:10250,292339712.0,93.049275637,4
6fed7946c04f735f,8a8674ae1cc10cd6,2022-07-13T11:40:00.000000,queryById,ts-basic-service,ts-basic-service-67746d6b6-dsp99,9b19f989628d86e7,6fed7946c04f735f,101678,200,ts-basic-service,10.252.1.22:10250,288808960.0,74.617323296,3
be576e2a6bbdcc54,be576e2a6bbdcc54,2022-07-13T11:40:00.000000,getToken,ts-auth-service,ts-auth-service-96d95d474-bdfpt,,,278545,200,ts-auth-service,10.252.1.21:10250,279998464.0,74.134885868,1
be576e2a6bbdcc54,9569df3d7c9da5e3,2022-07-13T11:40:00.000000,GET,ts-auth-service,ts-auth-service-96d95d474-bdfpt,be576e2a6bbdcc54,be576e2a6bbdcc54,205820,200,ts-auth-service,10.252.1.21:10250,279998464.0,74.134885868,2
92047b67cb3188e7,b7c821cf17b0c9e5,2022-07-13T11:40:00.000000,GET,ts-auth-service,ts-auth-service-96d95d474-bdfpt,92047b67cb3188e7,92047b67cb3188e7,262645,200,ts-auth-service,10.252.1.21:10250,279998464.0,74.134885868,2
147e01a41865a515,e3e28c238685492e,2022-07-13T11:35:00.000000,queryForStationId,ts-station-service,ts-station-service-777bd6b4-6gh4t,5ff7ac15b1101b7f,147e01a41865a515,108135,200,ts-station-service,10.252.1.23:10250,286142464.0,77.974326065,7
dbb652bad90c4246,ca2ee41cea01e2f8,2022-07-13T11:50:00.000000,GET,ts-basic-service,ts-basic-service-67746d6b6-dsp99,a7c235205ea884e3,dbb652bad90c4246,11016,200,ts-basic-service,10.252.1.22:10250,289693696.0,76.175112424,6
0bf18e3a0efca69c,0bf18e3a0efca69c,2022-07-13T11:45:00.000000,getToken,ts-verification-code-service,ts-verification-code-service-6df9658bc9-g9dzd,,,582679,200,ts-verification-code-service,10.252.1.23:10250,287997952.0,66.719944352,1
2b3dd6f2db0e6135,2b3dd6f2db0e6135,2022-07-13T11:40:00.000000,imageCode,ts-verification-code-service,ts-verification-code-service-6df9658bc9-g9dzd,,,169723,200,ts-verification-code-service,10.252.1.23:10250,267853824.0,64.540161769,1
147e01a41865a515,b0c2db969376a083,2022-07-13T11:35:00.000000,queryById,ts-route-service,ts-route-service-65d88487b5-dz4zj,29263b2fc271aa24,147e01a41865a515,287327,200,ts-route-service,10.252.1.23:10250,279244800.0,79.630764163,3
887f0c6debf3dfd0,7e2f76cde95cffdf,2022-07-13T11:50:00.000000,getContactsByContactsId,ts-contacts-service,ts-contacts-service-7b5f4d7bc5-hdd49,688a3cfb0eb4278f,887f0c6debf3dfd0,53747,200,ts-contacts-service,10.252.1.21:10250,280379392.0,89.006670945,3
dbb652bad90c4246,d66f83e3c80da10e,2022-07-13T11:50:00.000000,queryForStationId,ts-station-service,ts-station-service-777bd6b4-6gh4t,4ef05ae12f3f10b7,dbb652bad90c4246,53443,200,ts-station-service,10.252.1.23:10250,308789248.0,87.524188408,7
2c3755f6e83f1943,2c3755f6e83f1943,2022-07-13T11:40:00.000000,getToken,ts-auth-service,ts-auth-service-96d95d474-bdfpt,,,209385,200,ts-auth-service,10.252.1.21:10250,279998464.0,74.134885868,1
92047b67cb3188e7,92047b67cb3188e7,2022-07-13T11:40:00.000000,getToken,ts-auth-service,ts-auth-service-96d95d474-bdfpt,,,276622,200,ts-auth-service,10.252.1.21:10250,279998464.0,74.134885868,1
147e01a41865a515,8d28d9453b2f0740,2022-07-13T11:35:00.000000,queryForStationId,ts-station-service,ts-station-service-777bd6b4-6gh4t,f6e0f6a5104d7c1f,147e01a41865a515,7300579,200,ts-station-service,10.252.1.23:10250,286142464.0,77.974326065,7
147e01a41865a515,1978e26d1862214d,2022-07-13T11:35:00.000000,queryForStationId,ts-ticketinfo-service,ts-ticketinfo-service-5bb968c568-z7hpr,56b2a9877b211418,147e01a41865a515,351728,200,ts-ticketinfo-service,10.252.1.21:10250,289566720.0,78.803743593,3
6a06e6c6047ec72f,6a06e6c6047ec72f,2022-07-13T11:40:00.000000,findContactsByAccountId,ts-preserve-service,ts-preserve-service-5cfbb596cb-pjhnv,,,3793832,200,ts-preserve-service,10.252.1.22:10250,289529856.0,68.375139402,1
dbb652bad90c4246,d2bc9497cb2e78fc,2022-07-13T11:50:00.000000,queryForStationId,ts-station-service,ts-station-service-777bd6b4-6gh4t,10e2f6eba87b90bd,dbb652bad90c4246,93091,200,ts-station-service,10.252.1.23:10250,308789248.0,87.524188408,7
b35bc69c14d7af83,b35bc69c14d7af83,2022-07-13T11:40:00.000000,imageCode,ts-verification-code-service,ts-verification-code-service-6df9658bc9-g9dzd,,,176922,200,ts-verification-code-service,10.252.1.23:10250,267853824.0,64.540161769,1
dbb652bad90c4246,1dec9b7378b92ce3,2022-07-13T11:50:00.000000,GET,ts-travel-service,ts-travel-service-5c8fdffbb8-27nvn,dbb652bad90c4246,dbb652bad90c4246,468645,200,ts-travel-service,10.252.1.22:10250,319635456.0,87.427574294,2
147e01a41865a515,e29c0a5f7f07b8a9,2022-07-13T11:35:00.000000,queryForStationId,ts-station-service,ts-station-service-777bd6b4-6gh4t,6c378869ecbd4b3d,147e01a41865a515,61817,200,ts-station-service,10.252.1.23:10250,286142464.0,77.974326065,7
6fed7946c04f735f,53d2fa9548681de8,2022-07-13T11:40:00.000000,GET,ts-route-service,ts-route-service-65d88487b5-dz4zj,a10aac680f2e9426,6fed7946c04f735f,187099,200,ts-route-service,10.252.1.23:10250,309194752.0,96.191978285,6
147e01a41865a515,6c378869ecbd4b3d,2022-07-13T11:35:00.000000,GET,ts-travel-service,ts-travel-service-5c8fdffbb8-27nvn,464a299312487ed0,147e01a41865a515,95231,200,ts-travel-service,10.252.1.22:10250,294211584.0,79.508889628,6
147e01a41865a515,5a5c9856e42782b7,2022-07-13T11:35:00.000000,POST,ts-seat-service,ts-seat-service-5fff7b484c-jnfwn,c0adebd6e7517317,147e01a41865a515,697597,200,ts-seat-service,10.252.1.21:10250,262586368.0,75.963996403,4
6fed7946c04f735f,c7fe1534f434b0ee,2022-07-13T11:40:00.000000,GET,ts-route-service,ts-route-service-65d88487b5-dz4zj,b8d115c40b3131a8,6fed7946c04f735f,77602,200,ts-route-service,10.252.1.23:10250,309194752.0,96.191978285,6
147e01a41865a515,e2995b5497d2aafe,2022-07-13T11:35:00.000000,GET,ts-seat-service,ts-seat-service-5fff7b484c-jnfwn,c0adebd6e7517317,147e01a41865a515,9582957,200,ts-seat-service,10.252.1.21:10250,262586368.0,75.963996403,4
0293ecf63245536e,0293ecf63245536e,2022-07-13T11:40:00.000000,getAllAssuranceType,ts-assurance-service,ts-assurance-service-664948966f-gx5pp,"","",4592893,200,ts-assurance-service,10.252.1.23:10250,281509888.0,85.582283696,1
dbb652bad90c4246,d02ccf22e0e7fe6c,2022-07-13T11:50:00.000000,getRouteByTripId,ts-travel-service,ts-travel-service-5c8fdffbb8-27nvn,ca56cb7991fd0db8,dbb652bad90c4246,701646,200,ts-travel-service,10.252.1.22:10250,319635456.0,87.427574294,5
147e01a41865a515,f6e0f6a5104d7c1f,2022-07-13T11:35:00.000000,GET,ts-travel-service,ts-travel-service-5c8fdffbb8-27nvn,563ad7f41763272b,147e01a41865a515,9899329,200,ts-travel-service,10.252.1.22:10250,294211584.0,79.508889628,6
5c3bd5174f1c12cb,ca9e6f722a16574e,2022-07-13T11:50:00.000000,GET,ts-preserve-service,ts-preserve-service-5cfbb596cb-pjhnv,6900be4efd53b7d5,5c3bd5174f1c12cb,102142,200,ts-preserve-service,10.252.1.22:10250,304496640.0,70.668638603,4
147e01a41865a515,d5d811d8d27f4a14,2022-07-13T11:35:00.000000,queryForStationId,ts-travel-service,ts-travel-service-5c8fdffbb8-27nvn,d5a4bd9e21423ad4,147e01a41865a515,340316,200,ts-travel-service,10.252.1.22:10250,294211584.0,79.508889628,5
dbb652bad90c4246,c0eba4fd35c35165,2022-07-13T11:50:00.000000,GET,ts-ticketinfo-service,ts-ticketinfo-service-5bb968c568-z7hpr,71dc864b6adc16c8,dbb652bad90c4246,79602,200,ts-ticketinfo-service,10.252.1.21:10250,308568064.0,82.648672352,4
887f0c6debf3dfd0,688a3cfb0eb4278f,2022-07-13T11:50:00.000000,GET,ts-preserve-service,ts-preserve-service-5cfbb596cb-pjhnv,887f0c6debf3dfd0,887f0c6debf3dfd0,86418,200,ts-preserve-service,10.252.1.22:10250,304496640.0,70.668638603,2
147e01a41865a515,d0341e1fcb74dbc8,2022-07-13T11:35:00.000000,queryForStationId,ts-station-service,ts-station-service-777bd6b4-6gh4t,a47d1e520a9e43e5,147e01a41865a515,59068,200,ts-station-service,10.252.1.23:10250,286142464.0,77.974326065,7
6fed7946c04f735f,8496a5bcb858d0ea,2022-07-13T11:40:00.000000,GET,ts-seat-service,ts-seat-service-5fff7b484c-jnfwn,98e5bb1177679ecf,6fed7946c04f735f,192997,200,ts-seat-service,10.252.1.21:10250,281227264.0,78.616752353,4
6fed7946c04f735f,8dc70f8a850f7fe4,2022-07-13T11:40:00.000000,getRouteByTripId,ts-ticketinfo-service,ts-ticketinfo-service-5bb968c568-z7hpr,4cd7ea449fd3e679,6fed7946c04f735f,337014,200,ts-ticketinfo-service,10.252.1.21:10250,307998720.0,81.31858873,5
147e01a41865a515,aa3219e037a65f47,2022-07-13T11:35:00.000000,queryForStationId,ts-ticketinfo-service,ts-ticketinfo-service-5bb968c568-z7hpr,43b7d5d5381c47b3,147e01a41865a515,22706363,200,ts-ticketinfo-service,10.252.1.21:10250,289566720.0,78.803743593,3
d26c0b3fa0538aec,d26c0b3fa0538aec,2022-07-13T11:40:00.000000,preserve,ts-security-service,ts-security-service-65d65984c4-jt2xd,,,21087439,200,ts-security-service,10.252.1.23:10250,277536768.0,90.204942353,1
dbb652bad90c4246,05275c14c13554a3,2022-07-13T11:50:00.000000,POST,ts-travel-service,ts-travel-service-5c8fdffbb8-27nvn,dbb652bad90c4246,dbb652bad90c4246,1898333,200,ts-travel-service,10.252.1.22:10250,319635456.0,87.427574294,2
dbb652bad90c4246,d97078174289aacb,2022-07-13T11:50:00.000000,GET,ts-travel-service,ts-travel-service-5c8fdffbb8-27nvn,c40a2b0db63d0ab4,dbb652bad90c4246,298524,200,ts-travel-service,10.252.1.22:10250,319635456.0,87.427574294,6
bb85b147ecb7c0a4,b9574f09fbd5086a,2022-07-13T11:40:00.000000,verifyCode,ts-verification-code-service,ts-verification-code-service-6df9658bc9-g9dzd,5f532661d8abb69b,bb85b147ecb7c0a4,7612,200,ts-verification-code-service,10.252.1.23:10250,267853824.0,64.540161769,3
147e01a41865a515,c18207b62819e458,2022-07-13T11:35:00.000000,GET,ts-basic-service,ts-basic-service-67746d6b6-dsp99,20a5b87debc2e27c,147e01a41865a515,61962,200,ts-basic-service,10.252.1.22:10250,271048704.0,71.261812361,6
dbb652bad90c4246,93c43340e435fb84,2022-07-13T11:50:00.000000,queryForStationId,ts-ticketinfo-service,ts-ticketinfo-service-5bb968c568-z7hpr,248004070d59c08a,dbb652bad90c4246,151911,200,ts-ticketinfo-service,10.252.1.21:10250,308568064.0,82.648672352,3
dbb652bad90c4246,287031debc4da0db,2022-07-13T11:50:00.000000,retrieve,ts-train-service,ts-train-service-7568b87b6b-gsczs,6f8df53aa5a379f3,dbb652bad90c4246,132892,200,ts-train-service,10.252.1.22:10250,298987520.0,82.807783963,7
dbb652bad90c4246,87c7aa18e8cd9132,2022-07-13T11:50:00.000000,GET,ts-travel-service,ts-travel-service-5c8fdffbb8-27nvn,dbb652bad90c4246,dbb652bad90c4246,246892,200,ts-travel-service,10.252.1.22:10250,319635456.0,87.427574294,2
9d50d114ef0afd3c,9d50d114ef0afd3c,2022-07-13T11:45:00.000000,getToken,ts-auth-service,ts-auth-service-96d95d474-bdfpt,,,135881,200,ts-auth-service,10.252.1.21:10250,279891968.0,75.543590489,1
8f72786ed1527741,33b5c486d3c84242,2022-07-13T11:40:00.000000,GET,ts-food-service,ts-food-service-68dd766676-2fksp,8f72786ed1527741,8f72786ed1527741,157786,200,ts-food-service,10.252.1.22:10250,280252416.0,73.82526358,2
9d50d114ef0afd3c,276736e2d2159167,2022-07-13T11:45:00.000000,verifyCode,ts-verification-code-service,ts-verification-code-service-6df9658bc9-g9dzd,1797bc9f8f9c9791,9d50d114ef0afd3c,8508,200,ts-verification-code-service,10.252.1.23:10250,287997952.0,66.719944352,3
dbb652bad90c4246,50f98c29615d0c2e,2022-07-13T11:50:00.000000,GET,ts-ticketinfo-service,ts-ticketinfo-service-5bb968c568-z7hpr,f2e6398fa0464ddc,dbb652bad90c4246,215808,200,ts-ticketinfo-service,10.252.1.21:10250,308568064.0,82.648672352,4
8495060c42b1b1f8,8495060c42b1b1f8,2022-07-13T11:50:00.000000,getToken,ts-auth-service,ts-auth-service-96d95d474-bdfpt,,,96839,200,ts-auth-service,10.252.1.21:10250,280281088.0,76.415910643,1
147e01a41865a515,1ae46e23fbebe2d4,2022-07-13T11:35:00.000000,GET,ts-ticketinfo-service,ts-ticketinfo-service-5bb968c568-z7hpr,0d4c08a2ae22128d,147e01a41865a515,206512,200,ts-ticketinfo-service,10.252.1.21:10250,289566720.0,78.803743593,4
dbb652bad90c4246,fbfc35938c6e6ea5,2022-07-13T11:50:00.000000,getTrainTypeByTripId,ts-travel-service,ts-travel-service-5c8fdffbb8-27nvn,d6ae38b3b3ecfcef,dbb652bad90c4246,700524,200,ts-travel-service,10.252.1.22:10250,319635456.0,87.427574294,5
6fed7946c04f735f,bb253d2f30b98931,2022-07-13T11:40:00.000000,queryById,ts-basic-service,ts-basic-service-67746d6b6-dsp99,6ff879f4f52bb262,6fed7946c04f735f,391020,200,ts-basic-service,10.252.1.22:10250,288808960.0,74.617323296,3
dbb652bad90c4246,a7c235205ea884e3,2022-07-13T11:50:00.000000,queryForStationId,ts-basic-service,ts-basic-service-67746d6b6-dsp99,8b01a298aa4a22c3,dbb652bad90c4246,105918,200,ts-basic-service,10.252.1.22:10250,289693696.0,76.175112424,5
31c54a72a7f597b2,9d3567328fe39113,2022-07-13T11:40:00.000000,GET,ts-auth-service,ts-auth-service-96d95d474-bdfpt,31c54a72a7f597b2,31c54a72a7f597b2,111703,200,ts-auth-service,10.252.1.21:10250,279998464.0,74.134885868,2
dbb652bad90c4246,3ab5547c46c9e8b2,2022-07-13T11:50:00.000000,queryForStationId,ts-ticketinfo-service,ts-ticketinfo-service-5bb968c568-z7hpr,1dec9b7378b92ce3,dbb652bad90c4246,404677,200,ts-ticketinfo-service,10.252.1.21:10250,308568064.0,82.648672352,3
6fed7946c04f735f,33fe590349d6b333,2022-07-13T11:40:00.000000,queryForStationId,ts-route-service,ts-route-service-65d88487b5-dz4zj,436ac0dd316d0948,6fed7946c04f735f,146936,200,ts-route-service,10.252.1.23:10250,309194752.0,96.191978285,5
dbb652bad90c4246,8365bb99587a2f29,2022-07-13T11:50:00.000000,GET,ts-basic-service,ts-basic-service-67746d6b6-dsp99,809a994ed9e6f915,dbb652bad90c4246,62075,200,ts-basic-service,10.252.1.22:10250,289693696.0,76.175112424,6
dbb652bad90c4246,45350075b5a44090,2022-07-13T11:50:00.000000,GET,ts-seat-service,ts-seat-service-5fff7b484c-jnfwn,088637638a3cc764,dbb652bad90c4246,197374,200,ts-seat-service,10.252.1.21:10250,281661440.0,79.781861448,4
147e01a41865a515,c63d5f1330a3db97,2022-07-13T11:35:00.000000,queryForTravel,ts-ticketinfo-service,ts-ticketinfo-service-5bb968c568-z7hpr,22b7364110526b0c,147e01a41865a515,21349915,200,ts-ticketinfo-service,10.252.1.21:10250,289566720.0,78.803743593,3
dbb652bad90c4246,55cb20b814103980,2022-07-13T11:50:00.000000,queryForStationId,ts-basic-service,ts-basic-service-67746d6b6-dsp99,c79c25609f6fc354,dbb652bad90c4246,241425,200,ts-basic-service,10.252.1.22:10250,289693696.0,76.175112424,5
8495060c42b1b1f8,153789fdc037cacc,2022-07-13T11:50:00.000000,GET,ts-auth-service,ts-auth-service-96d95d474-bdfpt,8495060c42b1b1f8,8495060c42b1b1f8,10446,200,ts-auth-service,10.252.1.21:10250,280281088.0,76.415910643,2
6fed7946c04f735f,39063eb5eaa80d50,2022-07-13T11:40:00.000000,getTrainTypeByTripId,ts-ticketinfo-service,ts-ticketinfo-service-5bb968c568-z7hpr,5f5be13c1560cbea,6fed7946c04f735f,310772,200,ts-ticketinfo-service,10.252.1.21:10250,307998720.0,81.31858873,5
6fed7946c04f735f,ef6d5e731905caf1,2022-07-13T11:40:00.000000,GET,ts-route-service,ts-route-service-65d88487b5-dz4zj,241ec81c15e4ece6,6fed7946c04f735f,180110,200,ts-route-service,10.252.1.23:10250,309194752.0,96.191978285,6
bb85b147ecb7c0a4,bb85b147ecb7c0a4,2022-07-13T11:40:00.000000,getToken,ts-auth-service,ts-auth-service-96d95d474-bdfpt,,,110497,200,ts-auth-service,10.252.1.21:10250,279998464.0,74.134885868,1
6fed7946c04f735f,5d61650b16c091c9,2022-07-13T11:40:00.000000,GET,ts-ticketinfo-service,ts-ticketinfo-service-5bb968c568-z7hpr,e63f63ad97720882,6fed7946c04f735f,17434,200,ts-ticketinfo-service,10.252.1.21:10250,307998720.0,81.31858873,6
147e01a41865a515,b4c51edefa238d9c,2022-07-13T11:35:00.000000,GET,ts-travel-service,ts-travel-service-5c8fdffbb8-27nvn,39862cf499208438,147e01a41865a515,4859055,200,ts-travel-service,10.252.1.22:10250,294211584.0,79.508889628,6
147e01a41865a515,b33c9d1226c29d9f,2022-07-13T11:35:00.000000,GET,ts-basic-service,ts-basic-service-67746d6b6-dsp99,147e01a41865a515,147e01a41865a515,5363494,200,ts-basic-service,10.252.1.22:10250,271048704.0,71.261812361,2
6fed7946c04f735f,e63f63ad97720882,2022-07-13T11:40:00.000000,getRouteByTripId,ts-ticketinfo-service,ts-ticketinfo-service-5bb968c568-z7hpr,bc2811485ffc66ab,6fed7946c04f735f,305574,200,ts-ticketinfo-service,10.252.1.21:10250,307998720.0,81.31858873,5
6fed7946c04f735f,ff86a2dba3ad89e5,2022-07-13T11:40:00.000000,queryForStationId,ts-station-service,ts-station-service-777bd6b4-6gh4t,935d2466d8a330f5,6fed7946c04f735f,346736,200,ts-station-service,10.252.1.23:10250,307372032.0,85.796179342,3
dbb652bad90c4246,71dc864b6adc16c8,2022-07-13T11:50:00.000000,queryForStationId,ts-ticketinfo-service,ts-ticketinfo-service-5bb968c568-z7hpr,f9cf6ebdb7f7d173,dbb652bad90c4246,95900,200,ts-ticketinfo-service,10.252.1.21:10250,308568064.0,82.648672352,3
dbb652bad90c4246,969c6bee0151b611,2022-07-13T11:50:00.000000,queryForStationId,ts-ticketinfo-service,ts-ticketinfo-service-5bb968c568-z7hpr,25dfa59893a1c002,dbb652bad90c4246,215180,200,ts-ticketinfo-service,10.252.1.21:10250,308568064.0,82.648672352,3
6fed7946c04f735f,22b3adf93288ef14,2022-07-13T11:40:00.000000,queryForTravel,ts-station-service,ts-station-service-777bd6b4-6gh4t,4e2e8e5b2b1b5030,6fed7946c04f735f,1109355,200,ts-station-service,10.252.1.23:10250,307372032.0,85.796179342,3
d26c0b3fa0538aec,62fdce688b211201,2022-07-13T11:40:00.000000,GET,ts-preserve-service,ts-preserve-service-5cfbb596cb-pjhnv,5c7cdcdfcac0a631,d26c0b3fa0538aec,2000123,200,ts-preserve-service,10.252.1.22:10250,289529856.0,68.375139402,4
147e01a41865a515,c45ce9505ef9aac0,2022-07-13T11:35:00.000000,GET,ts-travel-service,ts-travel-service-5c8fdffbb8-27nvn,39862cf499208438,147e01a41865a515,249825,200,ts-travel-service,10.252.1.22:10250,294211584.0,79.508889628,6
6fed7946c04f735f,eaa8e22578f35a67,2022-07-13T11:40:00.000000,queryForStationId,ts-travel-service,ts-travel-service-5c8fdffbb8-27nvn,ef6d5e731905caf1,6fed7946c04f735f,139911,200,ts-travel-service,10.252.1.22:10250,318533632.0,85.8166057,7
147e01a41865a515,a42c10bfafcf7719,2022-07-13T11:35:00.000000,queryForStationId,ts-ticketinfo-service,ts-ticketinfo-service-5bb968c568-z7hpr,d989955ec2b51ef3,147e01a41865a515,317361,200,ts-ticketinfo-service,10.252.1.21:10250,289566720.0,78.803743593,3
6fed7946c04f735f,1119deb86ad158d4,2022-07-13T11:40:00.000000,GET,ts-route-service,ts-route-service-65d88487b5-dz4zj,33fe590349d6b333,6fed7946c04f735f,60127,200,ts-route-service,10.252.1.23:10250,309194752.0,96.191978285,6
6fed7946c04f735f,b8d115c40b3131a8,2022-07-13T11:40:00.000000,queryForStationId,ts-route-service,ts-route-service-65d88487b5-dz4zj,e506e60b18120d6b,6fed7946c04f735f,93737,200,ts-route-service,10.252.1.23:10250,309194752.0,96.191978285,5
8f72786ed1527741,e8505812cbcba9d3,2022-07-13T11:40:00.000000,GET,ts-food-service,ts-food-service-68dd766676-2fksp,8f72786ed1527741,8f72786ed1527741,800503,200,ts-food-service,10.252.1.22:10250,280252416.0,73.82526358,2
147e01a41865a515,864c4ec111005c28,2022-07-13T11:35:00.000000,retrieve,ts-config-service,ts-config-service-fffbf47d-8z4wk,e2995b5497d2aafe,147e01a41865a515,8400893,200,ts-config-service,10.252.1.22:10250,298242048.0,78.047824297,5
147e01a41865a515,1fd0f425923aeac1,2022-07-13T11:35:00.000000,queryForStationId,ts-station-service,ts-station-service-777bd6b4-6gh4t,378fb79d8d6c6179,147e01a41865a515,179234,200,ts-station-service,10.252.1.23:10250,286142464.0,77.974326065,7
147e01a41865a515,7996295b00f3b6f7,2022-07-13T11:35:00.000000,GET,ts-travel-service,ts-travel-service-5c8fdffbb8-27nvn,39862cf499208438,147e01a41865a515,92047,200,ts-travel-service,10.252.1.22:10250,294211584.0,79.508889628,6
6fed7946c04f735f,4872a9a48558100c,2022-07-13T11:40:00.000000,GET,ts-ticketinfo-service,ts-ticketinfo-service-5bb968c568-z7hpr,39063eb5eaa80d50,6fed7946c04f735f,104605,200,ts-ticketinfo-service,10.252.1.21:10250,307998720.0,81.31858873,6
147e01a41865a515,8e7633b7dbcf2998,2022-07-13T11:35:00.000000,queryById,ts-route-service,ts-route-service-65d88487b5-dz4zj,c18207b62819e458,147e01a41865a515,148782,200,ts-route-service,10.252.1.23:10250,279244800.0,79.630764163,7
147e01a41865a515,6f5f2b4e3b02e6f1,2022-07-13T11:35:00.000000,GET,ts-ticketinfo-service,ts-ticketinfo-service-5bb968c568-z7hpr,a42c10bfafcf7719,147e01a41865a515,199554,200,ts-ticketinfo-service,10.252.1.21:10250,289566720.0,78.803743593,4
6fed7946c04f735f,d55dba8bc5dab163,2022-07-13T11:40:00.000000,GET,ts-route-service,ts-route-service-65d88487b5-dz4zj,a10aac680f2e9426,6fed7946c04f735f,58831,200,ts-route-service,10.252.1.23:10250,309194752.0,96.191978285,6
147e01a41865a515,085b162ab4d07f02,2022-07-13T11:35:00.000000,query,ts-price-service,ts-price-service-7466fb7cdf-q8cgx,b4c51edefa238d9c,147e01a41865a515,4302445,200,ts-price-service,10.252.1.23:10250,283762688.0,80.111378522,7
dbb652bad90c4246,0a9113c16efac2cf,2022-07-13T11:50:00.000000,GET,ts-basic-service,ts-basic-service-67746d6b6-dsp99,2596186397d456b6,dbb652bad90c4246,200974,200,ts-basic-service,10.252.1.22:10250,289693696.0,76.175112424,6
dbb652bad90c4246,6a53b1f074ffda8e,2022-07-13T11:50:00.000000,retrieve,ts-train-service,ts-train-service-7568b87b6b-gsczs,8167d55d430d1e61,dbb652bad90c4246,398592,200,ts-train-service,10.252.1.22:10250,298987520.0,82.807783963,3
6fed7946c04f735f,55bfd2553f6dd160,2022-07-13T11:40:00.000000,GET,ts-station-service,ts-station-service-777bd6b4-6gh4t,c8c5b8592605cd3d,6fed7946c04f735f,403252,200,ts-station-service,10.252.1.23:10250,307372032.0,85.796179342,4
dbb652bad90c4246,7c8a8483ce06452f,2022-07-13T11:50:00.000000,POST,ts-travel-service,ts-travel-service-5c8fdffbb8-27nvn,dbb652bad90c4246,dbb652bad90c4246,1397567,200,ts-travel-service,10.252.1.22:10250,319635456.0,87.427574294,2
dbb652bad90c4246,2563c14a9a05594a,2022-07-13T11:50:00.000000,queryForStationId,ts-station-service,ts-station-service-777bd6b4-6gh4t,8365bb99587a2f29,dbb652bad90c4246,61389,200,ts-station-service,10.252.1.23:10250,308789248.0,87.524188408,7
6fed7946c04f735f,0eb93f2d66544cfd,2022-07-13T11:40:00.000000,GET,ts-ticketinfo-service,ts-ticketinfo-service-5bb968c568-z7hpr,e83835f82de7a25d,6fed7946c04f735f,295349,200,ts-ticketinfo-service,10.252.1.21:10250,307998720.0,81.31858873,6
dbb652bad90c4246,8413b10647d9093f,2022-07-13T11:50:00.000000,queryForStationId,ts-ticketinfo-service,ts-ticketinfo-service-5bb968c568-z7hpr,87c7aa18e8cd9132,dbb652bad90c4246,246558,200,ts-ticketinfo-service,10.252.1.21:10250,308568064.0,82.648672352,3
dbb652bad90c4246,10e2f6eba87b90bd,2022-07-13T11:50:00.000000,GET,ts-basic-service,ts-basic-service-67746d6b6-dsp99,2596186397d456b6,dbb652bad90c4246,93426,200,ts-basic-service,10.252.1.22:10250,289693696.0,76.175112424,6
6fed7946c04f735f,6534875e4cb5d62f,2022-07-13T11:40:00.000000,queryById,ts-basic-service,ts-basic-service-67746d6b6-dsp99,7d3c47ec6f2d1556,6fed7946c04f735f,136527,200,ts-basic-service,10.252.1.22:10250,288808960.0,74.617323296,7
dbb652bad90c4246,eb9a367a5832890f,2022-07-13T11:50:00.000000,GET,ts-basic-service,ts-basic-service-67746d6b6-dsp99,2596186397d456b6,dbb652bad90c4246,56507,200,ts-basic-service,10.252.1.22:10250,289693696.0,76.175112424,6
dbb652bad90c4246,c79c25609f6fc354,2022-07-13T11:50:00.000000,GET,ts-ticketinfo-service,ts-ticketinfo-service-5bb968c568-z7hpr,3ab5547c46c9e8b2,dbb652bad90c4246,249291,200,ts-ticketinfo-service,10.252.1.21:10250,308568064.0,82.648672352,4
147e01a41865a515,bb93416a0155cd43,2022-07-13T11:35:00.000000,queryForStationId,ts-travel-service,ts-travel-service-5c8fdffbb8-27nvn,2d1c4b1b30433754,147e01a41865a515,535741,200,ts-travel-service,10.252.1.22:10250,294211584.0,79.508889628,5
dbb652bad90c4246,695ecc3c743f1cd1,2022-07-13T11:50:00.000000,GET,ts-travel-service,ts-travel-service-5c8fdffbb8-27nvn,fbfc35938c6e6ea5,dbb652bad90c4246,205681,200,ts-travel-service,10.252.1.22:10250,319635456.0,87.427574294,6
dbb652bad90c4246,5025cd2f20ee6c90,2022-07-13T11:50:00.000000,queryById,ts-route-service,ts-route-service-65d88487b5-dz4zj,00372748c6083dff,dbb652bad90c4246,200259,200,ts-route-service,10.252.1.23:10250,310329344.0,97.882187786,3
6fed7946c04f735f,a8b1b30dbca7235c,2022-07-13T11:40:00.000000,GET,ts-ticketinfo-service,ts-ticketinfo-service-5bb968c568-z7hpr,6fed7946c04f735f,6fed7946c04f735f,493618,200,ts-ticketinfo-service,10.252.1.21:10250,307998720.0,81.31858873,2
478cc008fe2afd5d,97e182874c7c56b2,2022-07-13T11:45:00.000000,GET,ts-admin-order-service,ts-admin-order-service-54d7b8c5d-4g4fs,478cc008fe2afd5d,478cc008fe2afd5d,448673,200,ts-admin-order-service,10.252.1.22:10250,293122048.0,75.684015265,2
6fed7946c04f735f,0751c10a32a7caf8,2022-07-13T11:40:00.000000,GET,ts-ticketinfo-service,ts-ticketinfo-service-5bb968c568-z7hpr,6fed7946c04f735f,6fed7946c04f735f,184951,200,ts-ticketinfo-service,10.252.1.21:10250,307998720.0,81.31858873,2
147e01a41865a515,b983f61c109f8a72,2022-07-13T11:35:00.000000,GET,ts-travel-service,ts-travel-service-5c8fdffbb8-27nvn,39862cf499208438,147e01a41865a515,160652,200,ts-travel-service,10.252.1.22:10250,294211584.0,79.508889628,6
dbb652bad90c4246,45873be207f3a218,2022-07-13T11:50:00.000000,GET,ts-travel-service,ts-travel-service-5c8fdffbb8-27nvn,37a5c7c28565d248,dbb652bad90c4246,69312,200,ts-travel-service,10.252.1.22:10250,319635456.0,87.427574294,6
147e01a41865a515,b3f32fffa7ee0674,2022-07-13T11:35:00.000000,POST,ts-basic-service,ts-basic-service-67746d6b6-dsp99,147e01a41865a515,147e01a41865a515,20878089,200,ts-basic-service,10.252.1.22:10250,271048704.0,71.261812361,2
6fed7946c04f735f,7d3c47ec6f2d1556,2022-07-13T11:40:00.000000,GET,ts-route-service,ts-route-service-65d88487b5-dz4zj,a10aac680f2e9426,6fed7946c04f735f,142479,200,ts-route-service,10.252.1.23:10250,309194752.0,96.191978285,6
147e01a41865a515,378fb79d8d6c6179,2022-07-13T11:35:00.000000,GET,ts-travel-service,ts-travel-service-5c8fdffbb8-27nvn,b94f6edcb8b55ce3,147e01a41865a515,84854,200,ts-travel-service,10.252.1.22:10250,294211584.0,79.508889628,6
6fed7946c04f735f,20a57438744b4ecd,2022-07-13T11:40:00.000000,GET,ts-ticketinfo-service,ts-ticketinfo-service-5bb968c568-z7hpr,6fed7946c04f735f,6fed7946c04f735f,478746,200,ts-ticketinfo-service,10.252.1.21:10250,307998720.0,81.31858873,2
dbb652bad90c4246,b7cc83c73c9c907a,2022-07-13T11:50:00.000000,queryById,ts-route-service,ts-route-service-65d88487b5-dz4zj,6f39587ce3c402fe,dbb652bad90c4246,104168,200,ts-route-service,10.252.1.23:10250,310329344.0,97.882187786,3
c098bf19f8de0762,c098bf19f8de0762,2022-07-13T11:50:00.000000,imageCode,ts-verification-code-service,ts-verification-code-service-6df9658bc9-g9dzd,,,79066,200,ts-verification-code-service,10.252.1.23:10250,288022528.0,67.212576038,1
5c3bd5174f1c12cb,739367a476ab6ed6,2022-07-13T11:50:00.000000,securityInfoCheck,ts-contacts-service,ts-contacts-service-7b5f4d7bc5-hdd49,dba3b60a998ff3e9,5c3bd5174f1c12cb,87891,200,ts-contacts-service,10.252.1.21:10250,280379392.0,89.006670945,5
a0a641bb0f3f3a21,9752f220a2c06f01,2022-07-13T11:40:00.000000,verifyCode,ts-verification-code-service,ts-verification-code-service-6df9658bc9-g9dzd,91bc88d4e7ab5a96,a0a641bb0f3f3a21,8905,200,ts-verification-code-service,10.252.1.23:10250,267853824.0,64.540161769,3
147e01a41865a515,5c0840318d50d062,2022-07-13T11:35:00.000000,GET,ts-travel-service,ts-travel-service-5c8fdffbb8-27nvn,39862cf499208438,147e01a41865a515,194573,200,ts-travel-service,10.252.1.22:10250,294211584.0,79.508889628,6
147e01a41865a515,138ba38d03adb2ae,2022-07-13T11:35:00.000000,queryById,ts-route-service,ts-route-service-65d88487b5-dz4zj,36c42e65235d9f56,147e01a41865a515,154772,200,ts-route-service,10.252.1.23:10250,279244800.0,79.630764163,7
a6051433c1649470,a6051433c1649470,2022-07-13T11:35:00.000000,getToken,ts-verification-code-service,ts-verification-code-service-6df9658bc9-g9dzd,,,8599720,200,ts-verification-code-service,10.252.1.23:10250,267755520.0,64.037193597,1
6fed7946c04f735f,a10aac680f2e9426,2022-07-13T11:40:00.000000,queryForTravel,ts-route-service,ts-route-service-65d88487b5-dz4zj,84aa5997f7069bd7,6fed7946c04f735f,1088721,200,ts-route-service,10.252.1.23:10250,309194752.0,96.191978285,5
6fed7946c04f735f,e7bfcc17fc69ed18,2022-07-13T11:40:00.000000,queryForStationId,ts-travel-service,ts-travel-service-5c8fdffbb8-27nvn,c7fe1534f434b0ee,6fed7946c04f735f,75756,200,ts-travel-service,10.252.1.22:10250,318533632.0,85.8166057,7
6fed7946c04f735f,5d11c4befbc9ea22,2022-07-13T11:40:00.000000,queryForStationId,ts-station-service,ts-station-service-777bd6b4-6gh4t,4b3348bde1a2d5ac,6fed7946c04f735f,261842,200,ts-station-service,10.252.1.23:10250,307372032.0,85.796179342,3
6fed7946c04f735f,5e6a4fd30abebf8e,2022-07-13T11:40:00.000000,queryForStationId,ts-travel-service,ts-travel-service-5c8fdffbb8-27nvn,53d2fa9548681de8,6fed7946c04f735f,185556,200,ts-travel-service,10.252.1.22:10250,318533632.0,85.8166057,7
dbb652bad90c4246,6d996d9b63e7dc9d,2022-07-13T11:50:00.000000,GET,ts-basic-service,ts-basic-service-67746d6b6-dsp99,5203078d0c15a4e8,dbb652bad90c4246,59109,200,ts-basic-service,10.252.1.22:10250,289693696.0,76.175112424,6
6fed7946c04f735f,fba4a53c2f0a52a7,2022-07-13T11:40:00.000000,queryForStationId,ts-station-service,ts-station-service-777bd6b4-6gh4t,3455837671d60f9d,6fed7946c04f735f,472605,200,ts-station-service,10.252.1.23:10250,307372032.0,85.796179342,3
147e01a41865a515,e77d52a9a6130db7,2022-07-13T11:35:00.000000,GET,ts-seat-service,ts-seat-service-5fff7b484c-jnfwn,20b96f7a2e684187,147e01a41865a515,433945,200,ts-seat-service,10.252.1.21:10250,262586368.0,75.963996403,4
6fed7946c04f735f,f8fcec20b92b9f2b,2022-07-13T11:40:00.000000,POST,ts-seat-service,ts-seat-service-5fff7b484c-jnfwn,724c9873d69b9767,6fed7946c04f735f,41984,200,ts-seat-service,10.252.1.21:10250,281227264.0,78.616752353,4
147e01a41865a515,374f0a567244820a,2022-07-13T11:35:00.000000,queryById,ts-route-service,ts-route-service-65d88487b5-dz4zj,b63a67717d82badd,147e01a41865a515,388800,200,ts-route-service,10.252.1.23:10250,279244800.0,79.630764163,3
6fed7946c04f735f,8e2e0c4e37f2c17c,2022-07-13T11:40:00.000000,GET,ts-route-service,ts-route-service-65d88487b5-dz4zj,a10aac680f2e9426,6fed7946c04f735f,43026,200,ts-route-service,10.252.1.23:10250,309194752.0,96.191978285,6
dbb652bad90c4246,248004070d59c08a,2022-07-13T11:50:00.000000,GET,ts-travel-service,ts-travel-service-5c8fdffbb8-27nvn,dbb652bad90c4246,dbb652bad90c4246,152323,200,ts-travel-service,10.252.1.22:10250,319635456.0,87.427574294,2
147e01a41865a515,cf05bbcb4ea8c1fe,2022-07-13T11:35:00.000000,queryForStationId,ts-station-service,ts-station-service-777bd6b4-6gh4t,5674425fd99dc0cf,147e01a41865a515,61771,200,ts-station-service,10.252.1.23:10250,286142464.0,77.974326065,7
dbb652bad90c4246,b9321620d359e81f,2022-07-13T11:50:00.000000,queryById,ts-route-service,ts-route-service-65d88487b5-dz4zj,3a92833677a93c60,dbb652bad90c4246,112433,200,ts-route-service,10.252.1.23:10250,310329344.0,97.882187786,3
6fed7946c04f735f,5f5be13c1560cbea,2022-07-13T11:40:00.000000,GET,ts-seat-service,ts-seat-service-5fff7b484c-jnfwn,724c9873d69b9767,6fed7946c04f735f,351993,200,ts-seat-service,10.252.1.21:10250,281227264.0,78.616752353,4
0cad0614eca080fe,0cad0614eca080fe,2022-07-13T11:50:00.000000,order_cancel_success,ts-notification-service,ts-notification-service-79845458d9-qwbdz,"","",24100420,200,ts-notification-service,10.252.1.23:10250,280268800.0,75.23319173,1
dbb652bad90c4246,d0e8859bd0a28050,2022-07-13T11:50:00.000000,retrieve,ts-config-service,ts-config-service-fffbf47d-8z4wk,c2c885f04e433535,dbb652bad90c4246,96116,200,ts-config-service,10.252.1.22:10250,310116352.0,82.272498664,5
5c3bd5174f1c12cb,6fb4f12bdfdaf5ad,2022-07-13T11:50:00.000000,getContactsByContactsId,ts-order-other-service,ts-order-other-service-57489b469f-h8dg5,c2a331721f8d4780,5c3bd5174f1c12cb,274196,200,ts-order-other-service,10.252.1.21:10250,311271424.0,85.506845556,3
147e01a41865a515,a47d1e520a9e43e5,2022-07-13T11:35:00.000000,GET,ts-travel-service,ts-travel-service-5c8fdffbb8-27nvn,a8095eb08ea96189,147e01a41865a515,91380,200,ts-travel-service,10.252.1.22:10250,294211584.0,79.508889628,6
8f72786ed1527741,22e81fed0dfb8e2d,2022-07-13T11:40:00.000000,getRouteByTripId,ts-travel-service,ts-travel-service-5c8fdffbb8-27nvn,e8505812cbcba9d3,8f72786ed1527741,759645,200,ts-travel-service,10.252.1.22:10250,318533632.0,85.8166057,3
147e01a41865a515,39862cf499208438,2022-07-13T11:35:00.000000,queryForTravel,ts-travel-service,ts-travel-service-5c8fdffbb8-27nvn,232745d7ad5e2011,147e01a41865a515,20806536,200,ts-travel-service,10.252.1.22:10250,294211584.0,79.508889628,5
6fed7946c04f735f,935d2466d8a330f5,2022-07-13T11:40:00.000000,GET,ts-ticketinfo-service,ts-ticketinfo-service-5bb968c568-z7hpr,6fed7946c04f735f,6fed7946c04f735f,347913,200,ts-ticketinfo-service,10.252.1.21:10250,307998720.0,81.31858873,2
147e01a41865a515,12947ccecf993733,2022-07-13T11:35:00.000000,retrieve,ts-train-service,ts-train-service-7568b87b6b-gsczs,524beecea6834786,147e01a41865a515,488817,200,ts-train-service,10.252.1.22:10250,282664960.0,76.481623486,7
6fed7946c04f735f,42bbc9de2a040e5f,2022-07-13T11:40:00.000000,GET,ts-ticketinfo-service,ts-ticketinfo-service-5bb968c568-z7hpr,6fed7946c04f735f,6fed7946c04f735f,85100,200,ts-ticketinfo-service,10.252.1.21:10250,307998720.0,81.31858873,2
147e01a41865a515,e3ed8321dd16e577,2022-07-13T11:35:00.000000,GET,ts-basic-service,ts-basic-service-67746d6b6-dsp99,c8dd48878eb0451f,147e01a41865a515,203421,200,ts-basic-service,10.252.1.22:10250,271048704.0,71.261812361,6
478cc008fe2afd5d,478cc008fe2afd5d,2022-07-13T11:45:00.000000,getAllOrders,ts-admin-order-service,ts-admin-order-service-54d7b8c5d-4g4fs,,,6201719,200,ts-admin-order-service,10.252.1.22:10250,293122048.0,75.684015265,1
147e01a41865a515,b9701cfd0a974b42,2022-07-13T11:35:00.000000,GET,ts-travel-service,ts-travel-service-5c8fdffbb8-27nvn,39862cf499208438,147e01a41865a515,14130362,200,ts-travel-service,10.252.1.22:10250,294211584.0,79.508889628,6
b3bdd4c49f80d8ac,b3bdd4c49f80d8ac,2022-07-13T11:40:00.000000,imageCode,ts-verification-code-service,ts-verification-code-service-6df9658bc9-g9dzd,,,2722385,200,ts-verification-code-service,10.252.1.23:10250,267853824.0,64.540161769,1
1bbb14069bdad746,1e2113290c9fd767,2022-07-13T11:50:00.000000,GET,ts-consign-service,ts-consign-service-69598f96f-p64b2,1bbb14069bdad746,1bbb14069bdad746,10406917,200,ts-consign-service,10.252.1.22:10250,290693120.0,77.836965242,2
6fed7946c04f735f,436ac0dd316d0948,2022-07-13T11:40:00.000000,GET,ts-station-service,ts-station-service-777bd6b4-6gh4t,ff86a2dba3ad89e5,6fed7946c04f735f,148254,200,ts-station-service,10.252.1.23:10250,307372032.0,85.796179342,4
147e01a41865a515,1df3fa09e3c6abee,2022-07-13T11:35:00.000000,GET,ts-seat-service,ts-seat-service-5fff7b484c-jnfwn,20b96f7a2e684187,147e01a41865a515,196821,200,ts-seat-service,10.252.1.21:10250,262586368.0,75.963996403,4
147e01a41865a515,bf81fb4750bf0389,2022-07-13T11:35:00.000000,GET,ts-basic-service,ts-basic-service-67746d6b6-dsp99,147e01a41865a515,147e01a41865a515,845600,200,ts-basic-service,10.252.1.22:10250,271048704.0,71.261812361,2
147e01a41865a515,43b7d5d5381c47b3,2022-07-13T11:35:00.000000,GET,ts-basic-service,ts-basic-service-67746d6b6-dsp99,147e01a41865a515,147e01a41865a515,24677156,200,ts-basic-service,10.252.1.22:10250,271048704.0,71.261812361,2
6fed7946c04f735f,322ab87546739677,2022-07-13T11:40:00.000000,queryById,ts-basic-service,ts-basic-service-67746d6b6-dsp99,42bbc9de2a040e5f,6fed7946c04f735f,59465,200,ts-basic-service,10.252.1.22:10250,288808960.0,74.617323296,3
6fed7946c04f735f,98e5bb1177679ecf,2022-07-13T11:40:00.000000,getLeftTicketOfInterval,ts-seat-service,ts-seat-service-5fff7b484c-jnfwn,1fb7f3b5adfe7d5d,6fed7946c04f735f,1243051,200,ts-seat-service,10.252.1.21:10250,281227264.0,78.616752353,3
6fed7946c04f735f,e83835f82de7a25d,2022-07-13T11:40:00.000000,getTrainTypeByTripId,ts-ticketinfo-service,ts-ticketinfo-service-5bb968c568-z7hpr,465264bdfd0cff4c,6fed7946c04f735f,437837,200,ts-ticketinfo-service,10.252.1.21:10250,307998720.0,81.31858873,5
dbb652bad90c4246,8167d55d430d1e61,2022-07-13T11:50:00.000000,GET,ts-travel-service,ts-travel-service-5c8fdffbb8-27nvn,dbb652bad90c4246,dbb652bad90c4246,380990,200,ts-travel-service,10.252.1.22:10250,319635456.0,87.427574294,2
dbb652bad90c4246,25dfa59893a1c002,2022-07-13T11:50:00.000000,GET,ts-travel-service,ts-travel-service-5c8fdffbb8-27nvn,dbb652bad90c4246,dbb652bad90c4246,248579,200,ts-travel-service,10.252.1.22:10250,319635456.0,87.427574294,2
6fed7946c04f735f,be5c42a715ca3877,2022-07-13T11:40:00.000000,retrieve,ts-train-service,ts-train-service-7568b87b6b-gsczs,0eb93f2d66544cfd,6fed7946c04f735f,196596,200,ts-train-service,10.252.1.22:10250,298315776.0,81.451590264,7
147e01a41865a515,12ce9c4b865fc1a5,2022-07-13T11:35:00.000000,GET,ts-seat-service,ts-seat-service-5fff7b484c-jnfwn,c0adebd6e7517317,147e01a41865a515,2195670,200,ts-seat-service,10.252.1.21:10250,262586368.0,75.963996403,4
147e01a41865a515,2df6c21754519975,2022-07-13T11:35:00.000000,retrieve,ts-train-service,ts-train-service-7568b87b6b-gsczs,b9701cfd0a974b42,147e01a41865a515,12799171,200,ts-train-service,10.252.1.22:10250,282664960.0,76.481623486,7
6fed7946c04f735f,fb3545f26067d6e3,2022-07-13T11:40:00.000000,query,ts-price-service,ts-price-service-7466fb7cdf-q8cgx,9122252224f7c57e,6fed7946c04f735f,256525,200,ts-price-service,10.252.1.23:10250,318365696.0,94.977959352,7
147e01a41865a515,0b201be2d95b53d1,2022-07-13T11:35:00.000000,queryById,ts-route-service,ts-route-service-65d88487b5-dz4zj,a6b5e4f7a1e52df6,147e01a41865a515,255044,200,ts-route-service,10.252.1.23:10250,279244800.0,79.630764163,3
6fed7946c04f735f,cb46244284976896,2022-07-13T11:40:00.000000,POST,ts-seat-service,ts-seat-service-5fff7b484c-jnfwn,98e5bb1177679ecf,6fed7946c04f735f,52053,200,ts-seat-service,10.252.1.21:10250,281227264.0,78.616752353,4
147e01a41865a515,c8dd48878eb0451f,2022-07-13T11:35:00.000000,getTrainTypeByTripId,ts-basic-service,ts-basic-service-67746d6b6-dsp99,e77d52a9a6130db7,147e01a41865a515,432377,200,ts-basic-service,10.252.1.22:10250,271048704.0,71.261812361,5
dbb652bad90c4246,f38b06a13ae31cb4,2022-07-13T11:50:00.000000,POST,ts-seat-service,ts-seat-service-5fff7b484c-jnfwn,088637638a3cc764,dbb652bad90c4246,51982,200,ts-seat-service,10.252.1.21:10250,281661440.0,79.781861448,4
147e01a41865a515,aa0d2abf1cb0399b,2022-07-13T11:35:00.000000,queryForStationId,ts-station-service,ts-station-service-777bd6b4-6gh4t,c45ce9505ef9aac0,147e01a41865a515,163838,200,ts-station-service,10.252.1.23:10250,286142464.0,77.974326065,7
dbb652bad90c4246,15ff1479aa3ee2ed,2022-07-13T11:50:00.000000,queryForStationId,ts-basic-service,ts-basic-service-67746d6b6-dsp99,0dda8ebba5e9c378,dbb652bad90c4246,143351,200,ts-basic-service,10.252.1.22:10250,289693696.0,76.175112424,5
147e01a41865a515,2d1c4b1b30433754,2022-07-13T11:35:00.000000,GET,ts-ticketinfo-service,ts-ticketinfo-service-5bb968c568-z7hpr,e0b5539c09a397c8,147e01a41865a515,513272,200,ts-ticketinfo-service,10.252.1.21:10250,289566720.0,78.803743593,4
6fed7946c04f735f,6ed6f7ec1b6e0991,2022-07-13T11:40:00.000000,GET,ts-route-service,ts-route-service-65d88487b5-dz4zj,e41ad12078b03aef,6fed7946c04f735f,12194,200,ts-route-service,10.252.1.23:10250,309194752.0,96.191978285,6
8f72786ed1527741,b86d88eb015bc0eb,2022-07-13T11:40:00.000000,GET,ts-food-service,ts-food-service-68dd766676-2fksp,8f72786ed1527741,8f72786ed1527741,196489,200,ts-food-service,10.252.1.22:10250,280252416.0,73.82526358,2
147e01a41865a515,afd5da336d630792,2022-07-13T11:35:00.000000,GET,ts-basic-service,ts-basic-service-67746d6b6-dsp99,147e01a41865a515,147e01a41865a515,439525,200,ts-basic-service,10.252.1.22:10250,271048704.0,71.261812361,2
dbb652bad90c4246,3a92833677a93c60,2022-07-13T11:50:00.000000,GET,ts-travel-service,ts-travel-service-5c8fdffbb8-27nvn,dbb652bad90c4246,dbb652bad90c4246,199297,200,ts-travel-service,10.252.1.22:10250,319635456.0,87.427574294,2
9b0bab05e5db4034,656af4c9ac3a9688,2022-07-13T11:50:00.000000,verifyCode,ts-verification-code-service,ts-verification-code-service-6df9658bc9-g9dzd,a64ca3ee59ad94e6,9b0bab05e5db4034,6938,200,ts-verification-code-service,10.252.1.23:10250,288022528.0,67.212576038,3
dbb652bad90c4246,cfa8d44df0bb71b3,2022-07-13T11:50:00.000000,GET,ts-travel-service,ts-travel-service-5c8fdffbb8-27nvn,d02ccf22e0e7fe6c,dbb652bad90c4246,163787,200,ts-travel-service,10.252.1.22:10250,319635456.0,87.427574294,6
dbb652bad90c4246,737b8ecaa95a565b,2022-07-13T11:50:00.000000,queryById,ts-route-service,ts-route-service-65d88487b5-dz4zj,45873be207f3a218,dbb652bad90c4246,157903,200,ts-route-service,10.252.1.23:10250,310329344.0,97.882187786,7
dc13c5788075d01a,dc13c5788075d01a,2022-07-13T11:50:00.000000,GET,ts-admin-order-service,ts-admin-order-service-54d7b8c5d-4g4fs,,,6715,500,ts-admin-order-service,10.252.1.22:10250,308736000.0,77.460725847,1
147e01a41865a515,702da68cf9b96036,2022-07-13T11:35:00.000000,GET,ts-basic-service,ts-basic-service-67746d6b6-dsp99,147e01a41865a515,147e01a41865a515,187473,200,ts-basic-service,10.252.1.22:10250,271048704.0,71.261812361,2
dbb652bad90c4246,ee57c40fe7242fad,2022-07-13T11:50:00.000000,POST,ts-seat-service,ts-seat-service-5fff7b484c-jnfwn,1c3318f817a867fe,dbb652bad90c4246,84189,200,ts-seat-service,10.252.1.21:10250,281661440.0,79.781861448,4
147e01a41865a515,22b7364110526b0c,2022-07-13T11:35:00.000000,POST,ts-basic-service,ts-basic-service-67746d6b6-dsp99,147e01a41865a515,147e01a41865a515,21363444,200,ts-basic-service,10.252.1.22:10250,271048704.0,71.261812361,2
81e6f985c960cb6e,10f42b6a0863729a,2022-07-13T11:40:00.000000,verifyCode,ts-auth-service,ts-auth-service-96d95d474-bdfpt,9efa498a35d24899,81e6f985c960cb6e,5917,200,ts-auth-service,10.252.1.21:10250,279998464.0,74.134885868,3
887f0c6debf3dfd0,887f0c6debf3dfd0,2022-07-13T11:50:00.000000,preserve,ts-preserve-service,ts-preserve-service-5cfbb596cb-pjhnv,,,697906,200,ts-preserve-service,10.252.1.22:10250,304496640.0,70.668638603,1
fb052563d4e508a2,fb052563d4e508a2,2022-07-13T11:35:00.000000,getToken,ts-verification-code-service,ts-verification-code-service-6df9658bc9-g9dzd,,,775514,200,ts-verification-code-service,10.252.1.23:10250,267755520.0,64.037193597,1
147e01a41865a515,82a50ff65b764480,2022-07-13T11:35:00.000000,GET,ts-seat-service,ts-seat-service-5fff7b484c-jnfwn,c0adebd6e7517317,147e01a41865a515,948852,200,ts-seat-service,10.252.1.21:10250,262586368.0,75.963996403,4
887f0c6debf3dfd0,833acb31276a3b2c,2022-07-13T11:50:00.000000,GET,ts-security-service,ts-security-service-65d65984c4-jt2xd,8eb807bbf5d21e30,887f0c6debf3dfd0,98239,200,ts-security-service,10.252.1.23:10250,292339712.0,93.049275637,4
dbb652bad90c4246,8613a50fe54e5645,2022-07-13T11:50:00.000000,retrieve,ts-config-service,ts-config-service-fffbf47d-8z4wk,45350075b5a44090,dbb652bad90c4246,188413,200,ts-config-service,10.252.1.22:10250,310116352.0,82.272498664,5
6fed7946c04f735f,02da528dfcef39ff,2022-07-13T11:40:00.000000,queryForStationId,ts-travel-service,ts-travel-service-5c8fdffbb8-27nvn,d55dba8bc5dab163,6fed7946c04f735f,57629,200,ts-travel-service,10.252.1.22:10250,318533632.0,85.8166057,7
5c3bd5174f1c12cb,dba3b60a998ff3e9,2022-07-13T11:50:00.000000,GET,ts-preserve-service,ts-preserve-service-5cfbb596cb-pjhnv,6900be4efd53b7d5,5c3bd5174f1c12cb,98904,200,ts-preserve-service,10.252.1.22:10250,304496640.0,70.668638603,4
a0a641bb0f3f3a21,91bc88d4e7ab5a96,2022-07-13T11:40:00.000000,GET,ts-auth-service,ts-auth-service-96d95d474-bdfpt,a0a641bb0f3f3a21,a0a641bb0f3f3a21,17307,200,ts-auth-service,10.252.1.21:10250,279998464.0,74.134885868,2
6fed7946c04f735f,bc2811485ffc66ab,2022-07-13T11:40:00.000000,GET,ts-seat-service,ts-seat-service-5fff7b484c-jnfwn,724c9873d69b9767,6fed7946c04f735f,346388,200,ts-seat-service,10.252.1.21:10250,281227264.0,78.616752353,4
147e01a41865a515,147e01a41865a515,2022-07-13T11:35:00.000000,queryInfo,ts-basic-service,ts-basic-service-67746d6b6-dsp99,,,94300619,500,ts-basic-service,10.252.1.22:10250,271048704.0,71.261812361,1
147e01a41865a515,6a6bc8b29d9dd47a,2022-07-13T11:35:00.000000,queryById,ts-route-service,ts-route-service-65d88487b5-dz4zj,b983f61c109f8a72,147e01a41865a515,140502,200,ts-route-service,10.252.1.23:10250,279244800.0,79.630764163,7
147e01a41865a515,d5a4bd9e21423ad4,2022-07-13T11:35:00.000000,GET,ts-ticketinfo-service,ts-ticketinfo-service-5bb968c568-z7hpr,df7a0b89afeeacce,147e01a41865a515,316803,200,ts-ticketinfo-service,10.252.1.21:10250,289566720.0,78.803743593,4
31c54a72a7f597b2,31c54a72a7f597b2,2022-07-13T11:40:00.000000,getToken,ts-auth-service,ts-auth-service-96d95d474-bdfpt,,,125697,200,ts-auth-service,10.252.1.21:10250,279998464.0,74.134885868,1
6fed7946c04f735f,57bfaf9cb6f9a042,2022-07-13T11:40:00.000000,GET,ts-ticketinfo-service,ts-ticketinfo-service-5bb968c568-z7hpr,8dc70f8a850f7fe4,6fed7946c04f735f,67738,200,ts-ticketinfo-service,10.252.1.21:10250,307998720.0,81.31858873,6
6fed7946c04f735f,5e8ce4add84ea34f,2022-07-13T11:40:00.000000,queryById,ts-basic-service,ts-basic-service-67746d6b6-dsp99,20a57438744b4ecd,6fed7946c04f735f,500530,200,ts-basic-service,10.252.1.22:10250,288808960.0,74.617323296,3
478cc008fe2afd5d,54fe27ae66bf52a1,2022-07-13T11:45:00.000000,GET,ts-admin-order-service,ts-admin-order-service-54d7b8c5d-4g4fs,478cc008fe2afd5d,478cc008fe2afd5d,899696,200,ts-admin-order-service,10.252.1.22:10250,293122048.0,75.684015265,2
dbb652bad90c4246,809a994ed9e6f915,2022-07-13T11:50:00.000000,queryForStationId,ts-basic-service,ts-basic-service-67746d6b6-dsp99,50f98c29615d0c2e,dbb652bad90c4246,200714,200,ts-basic-service,10.252.1.22:10250,289693696.0,76.175112424,5
6fed7946c04f735f,fe040cb334d41247,2022-07-13T11:40:00.000000,queryForStationId,ts-travel-service,ts-travel-service-5c8fdffbb8-27nvn,958c51a7be12a461,6fed7946c04f735f,62688,200,ts-travel-service,10.252.1.22:10250,318533632.0,85.8166057,7
147e01a41865a515,ee4004a5821d40ba,2022-07-13T11:35:00.000000,getTrainTypeByTripId,ts-basic-service,ts-basic-service-67746d6b6-dsp99,82a50ff65b764480,147e01a41865a515,914304,200,ts-basic-service,10.252.1.22:10250,271048704.0,71.261812361,5
be576e2a6bbdcc54,d8e593fdda83fd27,2022-07-13T11:40:00.000000,verifyCode,ts-verification-code-service,ts-verification-code-service-6df9658bc9-g9dzd,9569df3d7c9da5e3,be576e2a6bbdcc54,102848,200,ts-verification-code-service,10.252.1.23:10250,267853824.0,64.540161769,3
147e01a41865a515,e0c783f08a6967da,2022-07-13T11:35:00.000000,POST,ts-seat-service,ts-seat-service-5fff7b484c-jnfwn,20b96f7a2e684187,147e01a41865a515,84374,200,ts-seat-service,10.252.1.21:10250,262586368.0,75.963996403,4
6fed7946c04f735f,c8c5b8592605cd3d,2022-07-13T11:40:00.000000,queryForStationId,ts-station-service,ts-station-service-777bd6b4-6gh4t,a8b1b30dbca7235c,6fed7946c04f735f,417566,200,ts-station-service,10.252.1.23:10250,307372032.0,85.796179342,3
dbb652bad90c4246,61928eb48cf6d271,2022-07-13T11:50:00.000000,GET,ts-travel-service,ts-travel-service-5c8fdffbb8-27nvn,dbb652bad90c4246,dbb652bad90c4246,89721,200,ts-travel-service,10.252.1.22:10250,319635456.0,87.427574294,2
86998eb5dfdb8cdd,9ab328a2cdc41e19,2022-07-13T11:40:00.000000,verifyCode,ts-auth-service,ts-auth-service-96d95d474-bdfpt,d575c5459042dddc,86998eb5dfdb8cdd,1303642,200,ts-auth-service,10.252.1.21:10250,279998464.0,74.134885868,3
5c3bd5174f1c12cb,c2a331721f8d4780,2022-07-13T11:50:00.000000,GET,ts-security-service,ts-security-service-65d65984c4-jt2xd,5c3bd5174f1c12cb,5c3bd5174f1c12cb,283907,200,ts-security-service,10.252.1.23:10250,292339712.0,93.049275637,2
6fed7946c04f735f,ff8b5b246c0a99d5,2022-07-13T11:40:00.000000,GET,ts-station-service,ts-station-service-777bd6b4-6gh4t,5d11c4befbc9ea22,6fed7946c04f735f,213500,200,ts-station-service,10.252.1.23:10250,307372032.0,85.796179342,4
147e01a41865a515,e0b5539c09a397c8,2022-07-13T11:35:00.000000,queryForStationId,ts-ticketinfo-service,ts-ticketinfo-service-5bb968c568-z7hpr,bf81fb4750bf0389,147e01a41865a515,764880,200,ts-ticketinfo-service,10.252.1.21:10250,289566720.0,78.803743593,3
6fed7946c04f735f,97b302cca3071f83,2022-07-13T11:40:00.000000,GET,ts-station-service,ts-station-service-777bd6b4-6gh4t,9a799e8863214f18,6fed7946c04f735f,197811,200,ts-station-service,10.252.1.23:10250,307372032.0,85.796179342,4
6fed7946c04f735f,19d6d923fc08fbf1,2022-07-13T11:40:00.000000,queryForStationId,ts-route-service,ts-route-service-65d88487b5-dz4zj,97b302cca3071f83,6fed7946c04f735f,144848,200,ts-route-service,10.252.1.23:10250,309194752.0,96.191978285,5
6fed7946c04f735f,12af849039451962,2022-07-13T11:40:00.000000,GET,ts-route-service,ts-route-service-65d88487b5-dz4zj,a10aac680f2e9426,6fed7946c04f735f,199433,200,ts-route-service,10.252.1.23:10250,309194752.0,96.191978285,6
dbb652bad90c4246,80e9eba6324be4e7,2022-07-13T11:50:00.000000,queryForStationId,ts-station-service,ts-station-service-777bd6b4-6gh4t,b5abd2ad31abb982,dbb652bad90c4246,94731,200,ts-station-service,10.252.1.23:10250,308789248.0,87.524188408,7
6fed7946c04f735f,6a78bc89b444c7dd,2022-07-13T11:40:00.000000,GET,ts-ticketinfo-service,ts-ticketinfo-service-5bb968c568-z7hpr,6fed7946c04f735f,6fed7946c04f735f,148690,200,ts-ticketinfo-service,10.252.1.21:10250,307998720.0,81.31858873,2
6fed7946c04f735f,932717026d877151,2022-07-13T11:40:00.000000,queryForStationId,ts-travel-service,ts-travel-service-5c8fdffbb8-27nvn,6ed6f7ec1b6e0991,6fed7946c04f735f,54889,200,ts-travel-service,10.252.1.22:10250,318533632.0,85.8166057,7
dbb652bad90c4246,559ee2a836079a0d,2022-07-13T11:50:00.000000,queryById,ts-route-service,ts-route-service-65d88487b5-dz4zj,cfa8d44df0bb71b3,dbb652bad90c4246,61178,200,ts-route-service,10.252.1.23:10250,310329344.0,97.882187786,7
8f72786ed1527741,e9763388d23f2361,2022-07-13T11:40:00.000000,queryForStationId,ts-station-service,ts-station-service-777bd6b4-6gh4t,b86d88eb015bc0eb,8f72786ed1527741,106926,200,ts-station-service,10.252.1.23:10250,307372032.0,85.796179342,3
147e01a41865a515,74451313eef416ea,2022-07-13T11:35:00.000000,queryById,ts-route-service,ts-route-service-65d88487b5-dz4zj,b33c9d1226c29d9f,147e01a41865a515,4495383,200,ts-route-service,10.252.1.23:10250,279244800.0,79.630764163,3
bb85b147ecb7c0a4,5f532661d8abb69b,2022-07-13T11:40:00.000000,GET,ts-auth-service,ts-auth-service-96d95d474-bdfpt,bb85b147ecb7c0a4,bb85b147ecb7c0a4,15045,200,ts-auth-service,10.252.1.21:10250,279998464.0,74.134885868,2
dbb652bad90c4246,e750b53a05dfb63e,2022-07-13T11:50:00.000000,GET,ts-travel-service,ts-travel-service-5c8fdffbb8-27nvn,dbb652bad90c4246,dbb652bad90c4246,196656,200,ts-travel-service,10.252.1.22:10250,319635456.0,87.427574294,2
6fed7946c04f735f,4e2e8e5b2b1b5030,2022-07-13T11:40:00.000000,POST,ts-ticketinfo-service,ts-ticketinfo-service-5bb968c568-z7hpr,6fed7946c04f735f,6fed7946c04f735f,1110831,200,ts-ticketinfo-service,10.252.1.21:10250,307998720.0,81.31858873,2
d26c0b3fa0538aec,5c7cdcdfcac0a631,2022-07-13T11:40:00.000000,check,ts-preserve-service,ts-preserve-service-5cfbb596cb-pjhnv,950f2e5d0dea46a1,d26c0b3fa0538aec,14806132,200,ts-preserve-service,10.252.1.22:10250,289529856.0,68.375139402,3
dbb652bad90c4246,e5b93293b5ab36d8,2022-07-13T11:50:00.000000,GET,ts-travel-service,ts-travel-service-5c8fdffbb8-27nvn,dbb652bad90c4246,dbb652bad90c4246,170538,200,ts-travel-service,10.252.1.22:10250,319635456.0,87.427574294,2
147e01a41865a515,29263b2fc271aa24,2022-07-13T11:35:00.000000,GET,ts-basic-service,ts-basic-service-67746d6b6-dsp99,147e01a41865a515,147e01a41865a515,290112,200,ts-basic-service,10.252.1.22:10250,271048704.0,71.261812361,2
8495060c42b1b1f8,33ab0e3eba71cac4,2022-07-13T11:50:00.000000,verifyCode,ts-verification-code-service,ts-verification-code-service-6df9658bc9-g9dzd,153789fdc037cacc,8495060c42b1b1f8,6272,200,ts-verification-code-service,10.252.1.23:10250,288022528.0,67.212576038,3
6fed7946c04f735f,3455837671d60f9d,2022-07-13T11:40:00.000000,GET,ts-ticketinfo-service,ts-ticketinfo-service-5bb968c568-z7hpr,6fed7946c04f735f,6fed7946c04f735f,516838,200,ts-ticketinfo-service,10.252.1.21:10250,307998720.0,81.31858873,2
6fed7946c04f735f,b944f5e6d0569257,2022-07-13T11:40:00.000000,retrieve,ts-config-service,ts-config-service-fffbf47d-8z4wk,8496a5bcb858d0ea,6fed7946c04f735f,186702,200,ts-config-service,10.252.1.22:10250,310050816.0,80.940786991,5
1bbb14069bdad746,5a58c2b0686ef707,2022-07-13T11:50:00.000000,getPriceByWeightAndRegion,ts-consign-price-service,ts-consign-price-service-6f9cbbfffc-n9lsc,1e2113290c9fd767,1bbb14069bdad746,7996932,200,ts-consign-price-service,10.252.1.21:10250,287854592.0,85.844164236,3
147e01a41865a515,20a5b87debc2e27c,2022-07-13T11:35:00.000000,getRouteByTripId,ts-basic-service,ts-basic-service-67746d6b6-dsp99,12ce9c4b865fc1a5,147e01a41865a515,942440,200,ts-basic-service,10.252.1.22:10250,271048704.0,71.261812361,5
147e01a41865a515,20b96f7a2e684187,2022-07-13T11:35:00.000000,getLeftTicketOfInterval,ts-seat-service,ts-seat-service-5fff7b484c-jnfwn,128bf96f30fcac8d,147e01a41865a515,1400127,200,ts-seat-service,10.252.1.21:10250,262586368.0,75.963996403,3
0f69ed8b7a718968,0f69ed8b7a718968,2022-07-13T11:50:00.000000,imageCode,ts-verification-code-service,ts-verification-code-service-6df9658bc9-g9dzd,,,8101,200,ts-verification-code-service,10.252.1.23:10250,288022528.0,67.212576038,1
dbb652bad90c4246,1c3318f817a867fe,2022-07-13T11:50:00.000000,getLeftTicketOfInterval,ts-seat-service,ts-seat-service-5fff7b484c-jnfwn,350b3cbbad6e3ba4,dbb652bad90c4246,940805,200,ts-seat-service,10.252.1.21:10250,281661440.0,79.781861448,3
dbb652bad90c4246,2e074a4f71c396ef,2022-07-13T11:50:00.000000,query,ts-price-service,ts-price-service-7466fb7cdf-q8cgx,0dd2abf0f366b755,dbb652bad90c4246,184357,200,ts-price-service,10.252.1.23:10250,318492672.0,96.073503476,7
dbb652bad90c4246,54238d76e9b9cf9f,2022-07-13T11:50:00.000000,GET,ts-basic-service,ts-basic-service-67746d6b6-dsp99,2596186397d456b6,dbb652bad90c4246,193852,200,ts-basic-service,10.252.1.22:10250,289693696.0,76.175112424,6
478cc008fe2afd5d,9862dfcc94ff7122,2022-07-13T11:45:00.000000,findAllOrder,ts-order-other-service,ts-order-other-service-57489b469f-h8dg5,97e182874c7c56b2,478cc008fe2afd5d,435179,200,ts-order-other-service,10.252.1.21:10250,310824960.0,84.849796975,3
81e6f985c960cb6e,9efa498a35d24899,2022-07-13T11:40:00.000000,GET,ts-verification-code-service,ts-verification-code-service-6df9658bc9-g9dzd,81e6f985c960cb6e,81e6f985c960cb6e,12721,200,ts-verification-code-service,10.252.1.23:10250,267853824.0,64.540161769,2
dbb652bad90c4246,6b066e0a4219ad2b,2022-07-13T11:50:00.000000,retrieve,ts-train-service,ts-train-service-7568b87b6b-gsczs,d97078174289aacb,dbb652bad90c4246,297041,200,ts-train-service,10.252.1.22:10250,298987520.0,82.807783963,7
8f72786ed1527741,8f72786ed1527741,2022-07-13T11:40:00.000000,getAllFood,ts-food-service,ts-food-service-68dd766676-2fksp,,,21415734,200,ts-food-service,10.252.1.22:10250,280252416.0,73.82526358,1
8f72786ed1527741,e6f8c21c49c37bd7,2022-07-13T11:40:00.000000,GET,ts-food-service,ts-food-service-68dd766676-2fksp,8f72786ed1527741,8f72786ed1527741,8205247,200,ts-food-service,10.252.1.22:10250,280252416.0,73.82526358,2
dbb652bad90c4246,ca56cb7991fd0db8,2022-07-13T11:50:00.000000,GET,ts-seat-service,ts-seat-service-5fff7b484c-jnfwn,088637638a3cc764,dbb652bad90c4246,644138,200,ts-seat-service,10.252.1.21:10250,281661440.0,79.781861448,4
6fed7946c04f735f,1fb7f3b5adfe7d5d,2022-07-13T11:40:00.000000,POST,ts-ticketinfo-service,ts-ticketinfo-service-5bb968c568-z7hpr,6fed7946c04f735f,6fed7946c04f735f,1251947,200,ts-ticketinfo-service,10.252.1.21:10250,307998720.0,81.31858873,2
dbb652bad90c4246,d129770cafed6c92,2022-07-13T11:50:00.000000,GET,ts-ticketinfo-service,ts-ticketinfo-service-5bb968c568-z7hpr,93c43340e435fb84,dbb652bad90c4246,101594,200,ts-ticketinfo-service,10.252.1.21:10250,308568064.0,82.648672352,4
6fed7946c04f735f,80a8752aad9ad92c,2022-07-13T11:40:00.000000,GET,ts-route-service,ts-route-service-65d88487b5-dz4zj,4e7810e542104b12,6fed7946c04f735f,259755,200,ts-route-service,10.252.1.23:10250,309194752.0,96.191978285,6
6fed7946c04f735f,724c9873d69b9767,2022-07-13T11:40:00.000000,getLeftTicketOfInterval,ts-seat-service,ts-seat-service-5fff7b484c-jnfwn,a7313f0744d8cc96,6fed7946c04f735f,1023982,200,ts-seat-service,10.252.1.21:10250,281227264.0,78.616752353,3
147e01a41865a515,b4c5e2d738a83830,2022-07-13T11:35:00.000000,GET,ts-ticketinfo-service,ts-ticketinfo-service-5bb968c568-z7hpr,aa3219e037a65f47,147e01a41865a515,18408395,200,ts-ticketinfo-service,10.252.1.21:10250,289566720.0,78.803743593,4
6fed7946c04f735f,a66e133ab6df54ea,2022-07-13T11:40:00.000000,GET,ts-station-service,ts-station-service-777bd6b4-6gh4t,fba4a53c2f0a52a7,6fed7946c04f735f,247615,200,ts-station-service,10.252.1.23:10250,307372032.0,85.796179342,4
dbb652bad90c4246,5203078d0c15a4e8,2022-07-13T11:50:00.000000,queryForStationId,ts-basic-service,ts-basic-service-67746d6b6-dsp99,d129770cafed6c92,dbb652bad90c4246,134455,200,ts-basic-service,10.252.1.22:10250,289693696.0,76.175112424,5
dbb652bad90c4246,0d13d41f8293799b,2022-07-13T11:50:00.000000,queryById,ts-route-service,ts-route-service-65d88487b5-dz4zj,61928eb48cf6d271,dbb652bad90c4246,82140,200,ts-route-service,10.252.1.23:10250,310329344.0,97.882187786,3
1bbb14069bdad746,1bbb14069bdad746,2022-07-13T11:50:00.000000,updateConsign,ts-consign-service,ts-consign-service-69598f96f-p64b2,,,19408079,200,ts-consign-service,10.252.1.22:10250,290693120.0,77.836965242,1
dbb652bad90c4246,fa544be90e096cfe,2022-07-13T11:50:00.000000,queryById,ts-route-service,ts-route-service-65d88487b5-dz4zj,e750b53a05dfb63e,dbb652bad90c4246,194311,200,ts-route-service,10.252.1.23:10250,310329344.0,97.882187786,3
d26c0b3fa0538aec,5def8594d2164e09,2022-07-13T11:40:00.000000,securityInfoCheck,ts-contacts-service,ts-contacts-service-7b5f4d7bc5-hdd49,d648a9ef0f1a73a8,d26c0b3fa0538aec,5301665,200,ts-contacts-service,10.252.1.21:10250,270499840.0,86.810145918,5
d26c0b3fa0538aec,950f2e5d0dea46a1,2022-07-13T11:40:00.000000,GET,ts-security-service,ts-security-service-65d65984c4-jt2xd,d26c0b3fa0538aec,d26c0b3fa0538aec,16684316,200,ts-security-service,10.252.1.23:10250,277536768.0,90.204942353,2
6fed7946c04f735f,b795c64ca6e0c6d2,2022-07-13T11:40:00.000000,queryById,ts-basic-service,ts-basic-service-67746d6b6-dsp99,0751c10a32a7caf8,6fed7946c04f735f,100021,200,ts-basic-service,10.252.1.22:10250,288808960.0,74.617323296,3
dbb652bad90c4246,9655bd464f4ca90d,2022-07-13T11:50:00.000000,POST,ts-ticketinfo-service,ts-ticketinfo-service-5bb968c568-z7hpr,1e276532de119fec,dbb652bad90c4246,1381011,200,ts-ticketinfo-service,10.252.1.21:10250,308568064.0,82.648672352,4
ec1691bb9451fc1f,ec1691bb9451fc1f,2022-07-13T11:40:00.000000,imageCode,ts-verification-code-service,ts-verification-code-service-6df9658bc9-g9dzd,,,57831,200,ts-verification-code-service,10.252.1.23:10250,267853824.0,64.540161769,1
147e01a41865a515,350495440e299d14,2022-07-13T11:35:00.000000,getRouteByTripId,ts-basic-service,ts-basic-service-67746d6b6-dsp99,c8e0ed8705bc54f3,147e01a41865a515,315980,200,ts-basic-service,10.252.1.22:10250,271048704.0,71.261812361,5
92047b67cb3188e7,75e26238b50a0ef5,2022-07-13T11:40:00.000000,verifyCode,ts-verification-code-service,ts-verification-code-service-6df9658bc9-g9dzd,b7c821cf17b0c9e5,92047b67cb3188e7,198506,200,ts-verification-code-service,10.252.1.23:10250,267853824.0,64.540161769,3
6fed7946c04f735f,9a799e8863214f18,2022-07-13T11:40:00.000000,queryForStationId,ts-station-service,ts-station-service-777bd6b4-6gh4t,c816697621314b3b,6fed7946c04f735f,377219,200,ts-station-service,10.252.1.23:10250,307372032.0,85.796179342,3
dbb652bad90c4246,6f39587ce3c402fe,2022-07-13T11:50:00.000000,GET,ts-travel-service,ts-travel-service-5c8fdffbb8-27nvn,dbb652bad90c4246,dbb652bad90c4246,104979,200,ts-travel-service,10.252.1.22:10250,319635456.0,87.427574294,2
d26c0b3fa0538aec,0884135527e0ddd9,2022-07-13T11:40:00.000000,getContactsByContactsId,ts-order-other-service,ts-order-other-service-57489b469f-h8dg5,03bb2abeaa1110d8,d26c0b3fa0538aec,340658,200,ts-order-other-service,10.252.1.21:10250,299421696.0,82.722497168,3
6fed7946c04f735f,aa6c861c0c81c75c,2022-07-13T11:40:00.000000,queryForStationId,ts-travel-service,ts-travel-service-5c8fdffbb8-27nvn,80a8752aad9ad92c,6fed7946c04f735f,203663,200,ts-travel-service,10.252.1.22:10250,318533632.0,85.8166057,7
6fed7946c04f735f,1735aca282c7a4c3,2022-07-13T11:40:00.000000,queryForStationId,ts-travel-service,ts-travel-service-5c8fdffbb8-27nvn,2ab03c27483286ab,6fed7946c04f735f,97313,200,ts-travel-service,10.252.1.22:10250,318533632.0,85.8166057,7
6fed7946c04f735f,4cd7ea449fd3e679,2022-07-13T11:40:00.000000,GET,ts-seat-service,ts-seat-service-5fff7b484c-jnfwn,98e5bb1177679ecf,6fed7946c04f735f,251535,200,ts-seat-service,10.252.1.21:10250,281227264.0,78.616752353,4
dbb652bad90c4246,088637638a3cc764,2022-07-13T11:50:00.000000,getLeftTicketOfInterval,ts-seat-service,ts-seat-service-5fff7b484c-jnfwn,05275c14c13554a3,dbb652bad90c4246,1887500,200,ts-seat-service,10.252.1.21:10250,281661440.0,79.781861448,3
d26c0b3fa0538aec,d648a9ef0f1a73a8,2022-07-13T11:40:00.000000,GET,ts-preserve-service,ts-preserve-service-5cfbb596cb-pjhnv,5c7cdcdfcac0a631,d26c0b3fa0538aec,6098386,200,ts-preserve-service,10.252.1.22:10250,289529856.0,68.375139402,4
